Workbook

Sheet NeighborEffect-i-UB
A1: Sum of TRIPS | B1: D-APUMA
A2: O-APUMA | B2: 0 | C2: 1 | D2: 2 | E2: 3 | F2: 4 | G2: 5 | H2: 6 | I2: 7 | J2: 8 | K2: 9 | L2: 10 | M2: 11 | N2: 12 | O2: 15 | P2: 19 | Q2: 22 | R2: 26 | S2: 27 | T2: 30 | U2: 31 | V2: 32 | W2: 75 | X2: 76 | Y2: 77 | Z2: 80 | AA2: 86 | AB2: 87 | AC2: 88 | AD2: 89 | AE2: 90 | AF2: 91 | AG2: 92 | AH2: 93 | AI2: 94 | AJ2: 95 | AK2: 96 | AL2: 97 | AM2: 98 | AN2: 99 | AO2: 100 | AP2: 101 | AQ2: 103 | AR2: Work | AS2: Locals | AT2: OutOfStateSum | AU2: N1^4
A3: 1 | B3: 70434 | C3: 0 | D3: ='OD-APUMA(Val)'!D3*D$49 -> 221 | E3: ='OD-APUMA(Val)'!E3*E$49 -> 780 | F3: ='OD-APUMA(Val)'!F3*F$49 -> 104 | G3: ='OD-APUMA(Val)'!G3*G$49 -> 65 | H3: ='OD-APUMA(Val)'!H3*H$49 -> 117 | I3: ='OD-APUMA(Val)'!I3*I$49 -> 403 | J3: ='OD-APUMA(Val)'!J3*J$49 -> 0 | K3: ='OD-APUMA(Val)'!K3*K$49 -> 0 | ... AQ3: ='OD-APUMA(Val)'!AQ3*AQ$49 -> 0 | AR3: =SUM('OD-APUMA(Val)'!C3:AQ3) -> 35412 | AS3: =MAX('OD-APUMA(Val)'!C3:AQ3) -> 32903 | AT3: =SUM(C3:AQ3)/AR3 -> 0.070851689 | AU3: =AT3^4 -> 2.5200016e-05
A4: 2 | B4: 70551 | C4: ='OD-APUMA(Val)'!C4*C$49 -> 273 | D4: 0 | E4: ='OD-APUMA(Val)'!E4*E$49 -> 0 | F4: ='OD-APUMA(Val)'!F4*F$49 -> 273 | G4: ='OD-APUMA(Val)'!G4*G$49 -> 0 | H4: ='OD-APUMA(Val)'!H4*H$49 -> 0 | I4: ='OD-APUMA(Val)'!I4*I$49 -> 0 | J4: ='OD-APUMA(Val)'!J4*J$49 -> 0 | K4: ='OD-APUMA(Val)'!K4*K$49 -> 0 | L4: ='OD-APUMA(Val)'!L4*L$49 -> 0 | ... AQ4: ='OD-APUMA(Val)'!AQ4*AQ$49 -> 0 | AR4: =SUM('OD-APUMA(Val)'!C4:AQ4) -> 50492 | AS4: =MAX('OD-APUMA(Val)'!C4:AQ4) -> 49764 | AT4: =SUM(C4:AQ4)/AR4 -> 0.014418126 | AU4: =AT4^4 -> 4.321507e-08
A5: 3 | B5: 93327 | C5: ='OD-APUMA(Val)'!C5*C$49 -> 650 | D5: ='OD-APUMA(Val)'!D5*D$49 -> 117 | E5: 0 | F5: ='OD-APUMA(Val)'!F5*F$49 -> 52 | G5: ='OD-APUMA(Val)'!G5*G$49 -> 1235 | H5: ='OD-APUMA(Val)'!H5*H$49 -> 91 | I5: ='OD-APUMA(Val)'!I5*I$49 -> 0 | J5: ='OD-APUMA(Val)'!J5*J$49 -> 0 | K5: ='OD-APUMA(Val)'!K5*K$49 -> 0 | L5: ='OD-APUMA(Val)'!L5*L$49 -> 91 | M5: ='OD-APUMA(Val)'!M5*M$49 -> 0 | ... AQ5: ='OD-APUMA(Val)'!AQ5*AQ$49 -> 0 | AR5: =SUM('OD-APUMA(Val)'!C5:AQ5) -> 59163 | AS5: =MAX('OD-APUMA(Val)'!C5:AQ5) -> 55562 | AT5: =SUM(C5:AQ5)/AR5 -> 0.060865744 | AU5: =AT5^4 -> 1.3724348e-05
A6: 4 | B6: 79183 | C6: ='OD-APUMA(Val)'!C6*C$49 -> 0 | D6: ='OD-APUMA(Val)'!D6*D$49 -> 0 | E6: ='OD-APUMA(Val)'!E6*E$49 -> 0 | F6: 0 | G6: ='OD-APUMA(Val)'!G6*G$49 -> 39 | H6: ='OD-APUMA(Val)'!H6*H$49 -> 0 | I6: ='OD-APUMA(Val)'!I6*I$49 -> 182 | J6: ='OD-APUMA(Val)'!J6*J$49 -> 117 | K6: ='OD-APUMA(Val)'!K6*K$49 -> 65 | L6: ='OD-APUMA(Val)'!L6*L$49 -> 0 | M6: ='OD-APUMA(Val)'!M6*M$49 -> 0 | N6: ='OD-APUMA(Val)'!N6*N$49 -> 0 | ... AQ6: ='OD-APUMA(Val)'!AQ6*AQ$49 -> 0 | AR6: =SUM('OD-APUMA(Val)'!C6:AQ6) -> 51012 | AS6: =MAX('OD-APUMA(Val)'!C6:AQ6) -> 47697 | AT6: =SUM(C6:AQ6)/AR6 -> 0.064984709 | AU6: =AT6^4 -> 1.7833834e-05
A7: 5 | B7: 66183 | C7: ='OD-APUMA(Val)'!C7*C$49 -> 0 | D7: ='OD-APUMA(Val)'!D7*D$49 -> 533 | E7: ='OD-APUMA(Val)'!E7*E$49 -> 2275 | F7: ='OD-APUMA(Val)'!F7*F$49 -> 65 | G7: 0 | H7: ='OD-APUMA(Val)'!H7*H$49 -> 1105 | I7: ='OD-APUMA(Val)'!I7*I$49 -> 572 | J7: ='OD-APUMA(Val)'!J7*J$49 -> 0 | K7: ='OD-APUMA(Val)'!K7*K$49 -> 0 | L7: ='OD-APUMA(Val)'!L7*L$49 -> 0 | M7: ='OD-APUMA(Val)'!M7*M$49 -> 143 | N7: ='OD-APUMA(Val)'!N7*N$49 -> 0 | O7: ='OD-APUMA(Val)'!O7*O$49 -> 0 | ... AQ7: ='OD-APUMA(Val)'!AQ7*AQ$49 -> 0 | AR7: =SUM('OD-APUMA(Val)'!C7:AQ7) -> 34164 | AS7: =MAX('OD-APUMA(Val)'!C7:AQ7) -> 28613 | AT7: =SUM(C7:AQ7)/AR7 -> 0.16248097 | AU7: =AT7^4 -> 0.00069696354
A8: 6 | B8: 111722 | C8: ='OD-APUMA(Val)'!C8*C$49 -> 299 | D8: ='OD-APUMA(Val)'!D8*D$49 -> 0 | E8: ='OD-APUMA(Val)'!E8*E$49 -> 65 | F8: ='OD-APUMA(Val)'!F8*F$49 -> 0 | G8: ='OD-APUMA(Val)'!G8*G$49 -> 1391 | H8: 0 | I8: ='OD-APUMA(Val)'!I8*I$49 -> 260 | J8: ='OD-APUMA(Val)'!J8*J$49 -> 1651 | K8: ='OD-APUMA(Val)'!K8*K$49 -> 117 | L8: ='OD-APUMA(Val)'!L8*L$49 -> 0 | M8: ='OD-APUMA(Val)'!M8*M$49 -> 117 | N8: ='OD-APUMA(Val)'!N8*N$49 -> 0 | O8: ='OD-APUMA(Val)'!O8*O$49 -> 0 | P8: ='OD-APUMA(Val)'!P8*P$49 -> 0 | ... AQ8: ='OD-APUMA(Val)'!AQ8*AQ$49 -> 0 | AR8: =SUM('OD-APUMA(Val)'!C8:AQ8) -> 67522 | AS8: =MAX('OD-APUMA(Val)'!C8:AQ8) -> 62647 | AT8: =SUM(C8:AQ8)/AR8 -> 0.072198691 | AU8: =AT8^4 -> 2.717173e-05
A9: 7 | B9: 61087 | C9: ='OD-APUMA(Val)'!C9*C$49 -> 104 | D9: ='OD-APUMA(Val)'!D9*D$49 -> 0 | E9: ='OD-APUMA(Val)'!E9*E$49 -> 624 | F9: ='OD-APUMA(Val)'!F9*F$49 -> 377 | G9: ='OD-APUMA(Val)'!G9*G$49 -> 78 | H9: ='OD-APUMA(Val)'!H9*H$49 -> 208 | I9: 0 | J9: ='OD-APUMA(Val)'!J9*J$49 -> 650 | K9: ='OD-APUMA(Val)'!K9*K$49 -> 78 | L9: ='OD-APUMA(Val)'!L9*L$49 -> 0 | M9: ='OD-APUMA(Val)'!M9*M$49 -> 3822 | N9: ='OD-APUMA(Val)'!N9*N$49 -> 0 | O9: ='OD-APUMA(Val)'!O9*O$49 -> 0 | P9: ='OD-APUMA(Val)'!P9*P$49 -> 117 | Q9: ='OD-APUMA(Val)'!Q9*Q$49 -> 117 | ... AQ9: ='OD-APUMA(Val)'!AQ9*AQ$49 -> 0 | AR9: =SUM('OD-APUMA(Val)'!C9:AQ9) -> 41067 | AS9: =MAX('OD-APUMA(Val)'!C9:AQ9) -> 32396 | AT9: =SUM(C9:AQ9)/AR9 -> 0.21114277 | AU9: =AT9^4 -> 0.0019874895
A10: 8 | B10: 74074 | C10: ='OD-APUMA(Val)'!C10*C$49 -> 0 | D10: ='OD-APUMA(Val)'!D10*D$49 -> 0 | E10: ='OD-APUMA(Val)'!E10*E$49 -> 0 | F10: ='OD-APUMA(Val)'!F10*F$49 -> 0 | G10: ='OD-APUMA(Val)'!G10*G$49 -> 403 | H10: ='OD-APUMA(Val)'!H10*H$49 -> 663 | I10: ='OD-APUMA(Val)'!I10*I$49 -> 312 | J10: 0 | K10: ='OD-APUMA(Val)'!K10*K$49 -> 0 | L10: ='OD-APUMA(Val)'!L10*L$49 -> 1521 | M10: ='OD-APUMA(Val)'!M10*M$49 -> 1196 | N10: ='OD-APUMA(Val)'!N10*N$49 -> 0 | O10: ='OD-APUMA(Val)'!O10*O$49 -> 0 | P10: ='OD-APUMA(Val)'!P10*P$49 -> 0 | Q10: ='OD-APUMA(Val)'!Q10*Q$49 -> 0 | R10: ='OD-APUMA(Val)'!R10*R$49 -> 0 | ... AQ10: ='OD-APUMA(Val)'!AQ10*AQ$49 -> 0 | AR10: =SUM('OD-APUMA(Val)'!C10:AQ10) -> 46839 | AS10: =MAX('OD-APUMA(Val)'!C10:AQ10) -> 38493 | AT10: =SUM(C10:AQ10)/AR10 -> 0.17818485 | AU10: =AT10^4 -> 0.0010080523
A11: 9 | B11: 57291 | C11: ='OD-APUMA(Val)'!C11*C$49 -> 143 | D11: ='OD-APUMA(Val)'!D11*D$49 -> 0 | E11: ='OD-APUMA(Val)'!E11*E$49 -> 0 | F11: ='OD-APUMA(Val)'!F11*F$49 -> 208 | G11: ='OD-APUMA(Val)'!G11*G$49 -> 0 | H11: ='OD-APUMA(Val)'!H11*H$49 -> 0 | I11: ='OD-APUMA(Val)'!I11*I$49 -> 0 | J11: ='OD-APUMA(Val)'!J11*J$49 -> 0 | K11: 0 | L11: ='OD-APUMA(Val)'!L11*L$49 -> 104 | M11: ='OD-APUMA(Val)'!M11*M$49 -> 0 | N11: ='OD-APUMA(Val)'!N11*N$49 -> 0 | O11: ='OD-APUMA(Val)'!O11*O$49 -> 429 | P11: ='OD-APUMA(Val)'!P11*P$49 -> 897 | Q11: ='OD-APUMA(Val)'!Q11*Q$49 -> 195 | R11: ='OD-APUMA(Val)'!R11*R$49 -> 0 | S11: ='OD-APUMA(Val)'!S11*S$49 -> 0 | ... AQ11: ='OD-APUMA(Val)'!AQ11*AQ$49 -> 0 | AR11: =SUM('OD-APUMA(Val)'!C11:AQ11) -> 51909 | AS11: =MAX('OD-APUMA(Val)'!C11:AQ11) -> 37791 | AT11: =SUM(C11:AQ11)/AR11 -> 0.27197596 | AU11: =AT11^4 -> 0.0054716973
A12: 10 | B12: 75231 | C12: ='OD-APUMA(Val)'!C12*C$49 -> 65 | D12: ='OD-APUMA(Val)'!D12*D$49 -> 0 | E12: ='OD-APUMA(Val)'!E12*E$49 -> 221 | F12: ='OD-APUMA(Val)'!F12*F$49 -> 0 | G12: ='OD-APUMA(Val)'!G12*G$49 -> 182 | H12: ='OD-APUMA(Val)'!H12*H$49 -> 221 | I12: ='OD-APUMA(Val)'!I12*I$49 -> 0 | J12: ='OD-APUMA(Val)'!J12*J$49 -> 507 | K12: ='OD-APUMA(Val)'!K12*K$49 -> 169 | L12: 0 | M12: ='OD-APUMA(Val)'!M12*M$49 -> 208 | N12: ='OD-APUMA(Val)'!N12*N$49 -> 195 | O12: ='OD-APUMA(Val)'!O12*O$49 -> 0 | P12: ='OD-APUMA(Val)'!P12*P$49 -> 0 | Q12: ='OD-APUMA(Val)'!Q12*Q$49 -> 78 | R12: ='OD-APUMA(Val)'!R12*R$49 -> 117 | S12: ='OD-APUMA(Val)'!S12*S$49 -> 0 | T12: ='OD-APUMA(Val)'!T12*T$49 -> 0 | ... AQ12: ='OD-APUMA(Val)'!AQ12*AQ$49 -> 0 | AR12: =SUM('OD-APUMA(Val)'!C12:AQ12) -> 66885 | AS12: =MAX('OD-APUMA(Val)'!C12:AQ12) -> 44408 | AT12: =SUM(C12:AQ12)/AR12 -> 0.33605442 | AU12: =AT12^4 -> 0.012753766
A13: 11 | B13: 90948 | C13: ='OD-APUMA(Val)'!C13*C$49 -> 0 | D13: ='OD-APUMA(Val)'!D13*D$49 -> 0 | E13: ='OD-APUMA(Val)'!E13*E$49 -> 429 | F13: ='OD-APUMA(Val)'!F13*F$49 -> 1456 | G13: ='OD-APUMA(Val)'!G13*G$49 -> 416 | H13: ='OD-APUMA(Val)'!H13*H$49 -> 0 | I13: ='OD-APUMA(Val)'!I13*I$49 -> 1872 | J13: ='OD-APUMA(Val)'!J13*J$49 -> 247 | ... L13: ='OD-APUMA(Val)'!L13*L$49 -> 1131 | M13: 0 | N13: ='OD-APUMA(Val)'!N13*N$49 -> 104 | O13: ='OD-APUMA(Val)'!O13*O$49 -> 0 | P13: ='OD-APUMA(Val)'!P13*P$49 -> 91 | Q13: ='OD-APUMA(Val)'!Q13*Q$49 -> 26 | R13: ='OD-APUMA(Val)'!R13*R$49 -> 312 | S13: ='OD-APUMA(Val)'!S13*S$49 -> 0 | T13: ='OD-APUMA(Val)'!T13*T$49 -> 0 | U13: ='OD-APUMA(Val)'!U13*U$49 -> 0 | ... AQ13: ='OD-APUMA(Val)'!AQ13*AQ$49 -> 156 | AR13: =SUM('OD-APUMA(Val)'!C13:AQ13) -> 80626 | AS13: =MAX('OD-APUMA(Val)'!C13:AQ13) -> 46007 | AT13: =SUM(C13:AQ13)/AR13 -> 0.42937762 | AU13: =AT13^4 -> 0.033990505
A14: 12 | B14: 66781 | C14: ='OD-APUMA(Val)'!C14*C$49 -> 0 | D14: ='OD-APUMA(Val)'!D14*D$49 -> 143 | E14: ='OD-APUMA(Val)'!E14*E$49 -> 299 | F14: ='OD-APUMA(Val)'!F14*F$49 -> 0 | G14: ='OD-APUMA(Val)'!G14*G$49 -> 5811 | H14: ='OD-APUMA(Val)'!H14*H$49 -> 143 | I14: ='OD-APUMA(Val)'!I14*I$49 -> 130 | J14: ='OD-APUMA(Val)'!J14*J$49 -> 0 | ... M14: ='OD-APUMA(Val)'!M14*M$49 -> 1651 | N14: 0 | O14: ='OD-APUMA(Val)'!O14*O$49 -> 0 | P14: ='OD-APUMA(Val)'!P14*P$49 -> 156 | Q14: ='OD-APUMA(Val)'!Q14*Q$49 -> 182 | R14: ='OD-APUMA(Val)'!R14*R$49 -> 312 | S14: ='OD-APUMA(Val)'!S14*S$49 -> 0 | T14: ='OD-APUMA(Val)'!T14*T$49 -> 0 | U14: ='OD-APUMA(Val)'!U14*U$49 -> 0 | V14: ='OD-APUMA(Val)'!V14*V$49 -> 0 | ... AQ14: ='OD-APUMA(Val)'!AQ14*AQ$49 -> 78 | AR14: =SUM('OD-APUMA(Val)'!C14:AQ14) -> 56082 | AS14: =MAX('OD-APUMA(Val)'!C14:AQ14) -> 30693 | AT14: =SUM(C14:AQ14)/AR14 -> 0.4527121 | AU14: =AT14^4 -> 0.042003783
A15: 15 | B15: 103519 | C15: ='OD-APUMA(Val)'!C15*C$49 -> 0 | D15: ='OD-APUMA(Val)'!D15*D$49 -> 0 | E15: ='OD-APUMA(Val)'!E15*E$49 -> 104 | F15: ='OD-APUMA(Val)'!F15*F$49 -> 130 | G15: ='OD-APUMA(Val)'!G15*G$49 -> 0 | H15: ='OD-APUMA(Val)'!H15*H$49 -> 0 | I15: ='OD-APUMA(Val)'!I15*I$49 -> 0 | J15: ='OD-APUMA(Val)'!J15*J$49 -> 195 | ... N15: ='OD-APUMA(Val)'!N15*N$49 -> 0 | O15: 0 | P15: ='OD-APUMA(Val)'!P15*P$49 -> 33098 | Q15: ='OD-APUMA(Val)'!Q15*Q$49 -> 3744 | R15: ='OD-APUMA(Val)'!R15*R$49 -> 0 | S15: ='OD-APUMA(Val)'!S15*S$49 -> 0 | T15: ='OD-APUMA(Val)'!T15*T$49 -> 0 | U15: ='OD-APUMA(Val)'!U15*U$49 -> 0 | V15: ='OD-APUMA(Val)'!V15*V$49 -> 0 | W15: ='OD-APUMA(Val)'!W15*W$49 -> 0 | ... AQ15: ='OD-APUMA(Val)'!AQ15*AQ$49 -> 0 | AR15: =SUM('OD-APUMA(Val)'!C15:AQ15) -> 124878 | AS15: =MAX('OD-APUMA(Val)'!C15:AQ15) -> 72592 | AT15: =SUM(C15:AQ15)/AR15 -> 0.41869665 | AU15: =AT15^4 -> 0.030732503
A16: 19 | B16: 347230 | C16: ='OD-APUMA(Val)'!C16*C$49 -> 143 | D16: ='OD-APUMA(Val)'!D16*D$49 -> 78 | E16: ='OD-APUMA(Val)'!E16*E$49 -> 156 | F16: ='OD-APUMA(Val)'!F16*F$49 -> 182 | G16: ='OD-APUMA(Val)'!G16*G$49 -> 0 | H16: ='OD-APUMA(Val)'!H16*H$49 -> 0 | I16: ='OD-APUMA(Val)'!I16*I$49 -> 78 | J16: ='OD-APUMA(Val)'!J16*J$49 -> 0 | ... O16: ='OD-APUMA(Val)'!O16*O$49 -> 4095 | P16: 0 | Q16: ='OD-APUMA(Val)'!Q16*Q$49 -> 29393 | R16: ='OD-APUMA(Val)'!R16*R$49 -> 0 | S16: ='OD-APUMA(Val)'!S16*S$49 -> 0 | T16: ='OD-APUMA(Val)'!T16*T$49 -> 0 | U16: ='OD-APUMA(Val)'!U16*U$49 -> 0 | V16: ='OD-APUMA(Val)'!V16*V$49 -> 104 | W16: ='OD-APUMA(Val)'!W16*W$49 -> 0 | X16: ='OD-APUMA(Val)'!X16*X$49 -> 299 | ... AQ16: ='OD-APUMA(Val)'!AQ16*AQ$49 -> 0 | AR16: =SUM('OD-APUMA(Val)'!C16:AQ16) -> 385580 | AS16: =MAX('OD-APUMA(Val)'!C16:AQ16) -> 313768 | AT16: =SUM(C16:AQ16)/AR16 -> 0.1862441 | AU16: =AT16^4 -> 0.0012031786
A17: 22 | B17: 313391 | C17: ='OD-APUMA(Val)'!C17*C$49 -> 169 | D17: ='OD-APUMA(Val)'!D17*D$49 -> 0 | E17: ='OD-APUMA(Val)'!E17*E$49 -> 221 | F17: ='OD-APUMA(Val)'!F17*F$49 -> 0 | G17: ='OD-APUMA(Val)'!G17*G$49 -> 182 | H17: ='OD-APUMA(Val)'!H17*H$49 -> 0 | I17: ='OD-APUMA(Val)'!I17*I$49 -> 0 | J17: ='OD-APUMA(Val)'!J17*J$49 -> 0 | ... P17: ='OD-APUMA(Val)'!P17*P$49 -> 80925 | Q17: 0 | R17: ='OD-APUMA(Val)'!R17*R$49 -> 0 | S17: ='OD-APUMA(Val)'!S17*S$49 -> 0 | T17: ='OD-APUMA(Val)'!T17*T$49 -> 0 | U17: ='OD-APUMA(Val)'!U17*U$49 -> 0 | V17: ='OD-APUMA(Val)'!V17*V$49 -> 0 | W17: ='OD-APUMA(Val)'!W17*W$49 -> 0 | X17: ='OD-APUMA(Val)'!X17*X$49 -> 325 | Y17: ='OD-APUMA(Val)'!Y17*Y$49 -> 0 | ... AQ17: ='OD-APUMA(Val)'!AQ17*AQ$49 -> 0 | AR17: =SUM('OD-APUMA(Val)'!C17:AQ17) -> 350818 | AS17: =MAX('OD-APUMA(Val)'!C17:AQ17) -> 203580 | AT17: =SUM(C17:AQ17)/AR17 -> 0.4196991 | AU17: =AT17^4 -> 0.031027884
A18: 26 | B18: 95186 | C18: ='OD-APUMA(Val)'!C18*C$49 -> 0 | D18: ='OD-APUMA(Val)'!D18*D$49 -> 0 | E18: ='OD-APUMA(Val)'!E18*E$49 -> 26 | F18: ='OD-APUMA(Val)'!F18*F$49 -> 0 | G18: ='OD-APUMA(Val)'!G18*G$49 -> 208 | H18: ='OD-APUMA(Val)'!H18*H$49 -> 0 | I18: ='OD-APUMA(Val)'!I18*I$49 -> 0 | J18: ='OD-APUMA(Val)'!J18*J$49 -> 0 | ... Q18: ='OD-APUMA(Val)'!Q18*Q$49 -> 299 | R18: 0 | S18: ='OD-APUMA(Val)'!S18*S$49 -> 520 | T18: ='OD-APUMA(Val)'!T18*T$49 -> 130 | U18: ='OD-APUMA(Val)'!U18*U$49 -> 0 | V18: ='OD-APUMA(Val)'!V18*V$49 -> 0 | W18: ='OD-APUMA(Val)'!W18*W$49 -> 0 | X18: ='OD-APUMA(Val)'!X18*X$49 -> 0 | Y18: ='OD-APUMA(Val)'!Y18*Y$49 -> 0 | Z18: ='OD-APUMA(Val)'!Z18*Z$49 -> 0 | ... AQ18: ='OD-APUMA(Val)'!AQ18*AQ$49 -> 0 | AR18: =SUM('OD-APUMA(Val)'!C18:AQ18) -> 59358 | AS18: =MAX('OD-APUMA(Val)'!C18:AQ18) -> 49543 | AT18: =SUM(C18:AQ18)/AR18 -> 0.16535261 | AU18: =AT18^4 -> 0.00074755677
A19: 27 | B19: 78299 | C19: ='OD-APUMA(Val)'!C19*C$49 -> 0 | D19: ='OD-APUMA(Val)'!D19*D$49 -> 0 | E19: ='OD-APUMA(Val)'!E19*E$49 -> 0 | F19: ='OD-APUMA(Val)'!F19*F$49 -> 0 | G19: ='OD-APUMA(Val)'!G19*G$49 -> 0 | H19: ='OD-APUMA(Val)'!H19*H$49 -> 0 | I19: ='OD-APUMA(Val)'!I19*I$49 -> 0 | J19: ='OD-APUMA(Val)'!J19*J$49 -> 0 | ... R19: ='OD-APUMA(Val)'!R19*R$49 -> 429 | S19: 0 | T19: ='OD-APUMA(Val)'!T19*T$49 -> 1105 | U19: ='OD-APUMA(Val)'!U19*U$49 -> 156 | V19: ='OD-APUMA(Val)'!V19*V$49 -> 78 | W19: ='OD-APUMA(Val)'!W19*W$49 -> 130 | X19: ='OD-APUMA(Val)'!X19*X$49 -> 351 | Y19: ='OD-APUMA(Val)'!Y19*Y$49 -> 13 | Z19: ='OD-APUMA(Val)'!Z19*Z$49 -> 0 | AA19: ='OD-APUMA(Val)'!AA19*AA$49 -> 91 | ... AQ19: ='OD-APUMA(Val)'!AQ19*AQ$49 -> 0 | AR19: =SUM('OD-APUMA(Val)'!C19:AQ19) -> 50674 | AS19: =MAX('OD-APUMA(Val)'!C19:AQ19) -> 34346 | AT19: =SUM(C19:AQ19)/AR19 -> 0.32221652 | AU19: =AT19^4 -> 0.010779316
A20: 30 | B20: 108225 | C20: ='OD-APUMA(Val)'!C20*C$49 -> 0 | D20: ='OD-APUMA(Val)'!D20*D$49 -> 0 | E20: ='OD-APUMA(Val)'!E20*E$49 -> 0 | F20: ='OD-APUMA(Val)'!F20*F$49 -> 0 | G20: ='OD-APUMA(Val)'!G20*G$49 -> 0 | H20: ='OD-APUMA(Val)'!H20*H$49 -> 0 | I20: ='OD-APUMA(Val)'!I20*I$49 -> 0 | J20: ='OD-APUMA(Val)'!J20*J$49 -> 0 | ... S20: ='OD-APUMA(Val)'!S20*S$49 -> 1261 | T20: 0 | U20: ='OD-APUMA(Val)'!U20*U$49 -> 195 | V20: ='OD-APUMA(Val)'!V20*V$49 -> 0 | W20: ='OD-APUMA(Val)'!W20*W$49 -> 0 | X20: ='OD-APUMA(Val)'!X20*X$49 -> 0 | Y20: ='OD-APUMA(Val)'!Y20*Y$49 -> 0 | Z20: ='OD-APUMA(Val)'!Z20*Z$49 -> 0 | AA20: ='OD-APUMA(Val)'!AA20*AA$49 -> 52 | AB20: ='OD-APUMA(Val)'!AB20*AB$49 -> 0 | ... AQ20: ='OD-APUMA(Val)'!AQ20*AQ$49 -> 0 | AR20: =SUM('OD-APUMA(Val)'!C20:AQ20) -> 68432 | AS20: =MAX('OD-APUMA(Val)'!C20:AQ20) -> 59956 | AT20: =SUM(C20:AQ20)/AR20 -> 0.12386018 | AU20: =AT20^4 -> 0.00023535686
A21: 31 | B21: 63609 | C21: ='OD-APUMA(Val)'!C21*C$49 -> 0 | D21: ='OD-APUMA(Val)'!D21*D$49 -> 0 | E21: ='OD-APUMA(Val)'!E21*E$49 -> 0 | F21: ='OD-APUMA(Val)'!F21*F$49 -> 0 | G21: ='OD-APUMA(Val)'!G21*G$49 -> 0 | H21: ='OD-APUMA(Val)'!H21*H$49 -> 0 | I21: ='OD-APUMA(Val)'!I21*I$49 -> 0 | J21: ='OD-APUMA(Val)'!J21*J$49 -> 0 | ... T21: ='OD-APUMA(Val)'!T21*T$49 -> 0 | U21: 0 | V21: ='OD-APUMA(Val)'!V21*V$49 -> 117 | W21: ='OD-APUMA(Val)'!W21*W$49 -> 1417 | X21: ='OD-APUMA(Val)'!X21*X$49 -> 0 | Y21: ='OD-APUMA(Val)'!Y21*Y$49 -> 0 | Z21: ='OD-APUMA(Val)'!Z21*Z$49 -> 507 | AA21: ='OD-APUMA(Val)'!AA21*AA$49 -> 169 | AB21: ='OD-APUMA(Val)'!AB21*AB$49 -> 0 | AC21: ='OD-APUMA(Val)'!AC21*AC$49 -> 2483 | ... AQ21: ='OD-APUMA(Val)'!AQ21*AQ$49 -> 0 | AR21: =SUM('OD-APUMA(Val)'!C21:AQ21) -> 35698 | AS21: =MAX('OD-APUMA(Val)'!C21:AQ21) -> 30563 | AT21: =SUM(C21:AQ21)/AR21 -> 0.14384559 | AU21: =AT21^4 -> 0.00042814044
A22: 32 | B22: 187317 | C22: ='OD-APUMA(Val)'!C22*C$49 -> 0 | D22: ='OD-APUMA(Val)'!D22*D$49 -> 0 | E22: ='OD-APUMA(Val)'!E22*E$49 -> 65 | F22: ='OD-APUMA(Val)'!F22*F$49 -> 0 | G22: ='OD-APUMA(Val)'!G22*G$49 -> 0 | H22: ='OD-APUMA(Val)'!H22*H$49 -> 0 | I22: ='OD-APUMA(Val)'!I22*I$49 -> 0 | J22: ='OD-APUMA(Val)'!J22*J$49 -> 0 | ... U22: ='OD-APUMA(Val)'!U22*U$49 -> 0 | V22: 0 | W22: ='OD-APUMA(Val)'!W22*W$49 -> 0 | X22: ='OD-APUMA(Val)'!X22*X$49 -> 0 | Y22: ='OD-APUMA(Val)'!Y22*Y$49 -> 0 | Z22: ='OD-APUMA(Val)'!Z22*Z$49 -> 5109 | AA22: ='OD-APUMA(Val)'!AA22*AA$17 -> 2135484 | AB22: ='OD-APUMA(Val)'!AB22*AB$49 -> 0 | AC22: ='OD-APUMA(Val)'!AC22*AC$49 -> 143 | AD22: ='OD-APUMA(Val)'!AD22*AD$49 -> 0 | AE22: ='OD-APUMA(Val)'!AE22*AE$49 -> 1599 | AF22: ='OD-APUMA(Val)'!AF22*AF$49 -> 208 | AG22: ='OD-APUMA(Val)'!AG22*AG$49 -> 91 | AH22: ='OD-APUMA(Val)'!AH22*AH$49 -> 156 | AI22: ='OD-APUMA(Val)'!AI22*AI$49 -> 0 | ... AQ22: ='OD-APUMA(Val)'!AQ22*AQ$49 -> 2015 | AR22: =SUM('OD-APUMA(Val)'!C22:AQ22) -> 180141 | AS22: =MAX('OD-APUMA(Val)'!C22:AQ22) -> 169559 | AT22: =SUM(C22:AQ22)/AR22 -> 11.912391 | AU22: =AT22^4 -> 20137.045
A23: 75 | B23: 192426 | C23: ='OD-APUMA(Val)'!C23*C$49 -> 0 | D23: ='OD-APUMA(Val)'!D23*D$49 -> 104 | E23: ='OD-APUMA(Val)'!E23*E$49 -> 0 | F23: ='OD-APUMA(Val)'!F23*F$49 -> 0 | G23: ='OD-APUMA(Val)'!G23*G$49 -> 0 | H23: ='OD-APUMA(Val)'!H23*H$49 -> 0 | I23: ='OD-APUMA(Val)'!I23*I$49 -> 0 | J23: ='OD-APUMA(Val)'!J23*J$49 -> 0 | ... V23: ='OD-APUMA(Val)'!V23*V$49 -> 0 | W23: 0 | X23: ='OD-APUMA(Val)'!X23*X$49 -> 0 | Y23: ='OD-APUMA(Val)'!Y23*Y$49 -> 0 | Z23: ='OD-APUMA(Val)'!Z23*Z$49 -> 65 | AA23: ='OD-APUMA(Val)'!AA23*AA$49 -> 0 | AB23: ='OD-APUMA(Val)'!AB23*AB$49 -> 91 | AC23: ='OD-APUMA(Val)'!AC23*AC$49 -> 5629 | AD23: ='OD-APUMA(Val)'!AD23*AD$49 -> 2626 | AE23: ='OD-APUMA(Val)'!AE23*AE$49 -> 494 | ... AQ23: ='OD-APUMA(Val)'!AQ23*AQ$49 -> 0 | AR23: =SUM('OD-APUMA(Val)'!C23:AQ23) -> 118170 | AS23: =MAX('OD-APUMA(Val)'!C23:AQ23) -> 106184 | AT23: =SUM(C23:AQ23)/AR23 -> 0.10143014 | AU23: =AT23^4 -> 0.00010584446
A24: 76 | B24: 116324 | C24: ='OD-APUMA(Val)'!C24*C$49 -> 0 | D24: ='OD-APUMA(Val)'!D24*D$49 -> 0 | E24: ='OD-APUMA(Val)'!E24*E$49 -> 0 | F24: ='OD-APUMA(Val)'!F24*F$49 -> 143 | G24: ='OD-APUMA(Val)'!G24*G$49 -> 0 | H24: ='OD-APUMA(Val)'!H24*H$49 -> 0 | I24: ='OD-APUMA(Val)'!I24*I$49 -> 0 | J24: ='OD-APUMA(Val)'!J24*J$49 -> 0 | ... W24: ='OD-APUMA(Val)'!W24*W$49 -> 0 | X24: 0 | Y24: ='OD-APUMA(Val)'!Y24*Y$49 -> 0 | Z24: ='OD-APUMA(Val)'!Z24*Z$49 -> 0 | AA24: ='OD-APUMA(Val)'!AA24*AA$49 -> 871 | AB24: ='OD-APUMA(Val)'!AB24*AB$49 -> 182 | AC24: ='OD-APUMA(Val)'!AC24*AC$49 -> 52 | AD24: ='OD-APUMA(Val)'!AD24*AD$49 -> 273 | AE24: ='OD-APUMA(Val)'!AE24*AE$49 -> 247 | AF24: ='OD-APUMA(Val)'!AF24*AF$49 -> 4420 | ... AQ24: ='OD-APUMA(Val)'!AQ24*AQ$49 -> 91 | AR24: =SUM('OD-APUMA(Val)'!C24:AQ24) -> 112996 | AS24: =MAX('OD-APUMA(Val)'!C24:AQ24) -> 88868 | AT24: =SUM(C24:AQ24)/AR24 -> 0.21352968 | AU24: =AT24^4 -> 0.0020788972
A25: 77 | B25: 73463 | C25: ='OD-APUMA(Val)'!C25*C$49 -> 0 | D25: ='OD-APUMA(Val)'!D25*D$49 -> 0 | E25: ='OD-APUMA(Val)'!E25*E$49 -> 0 | F25: ='OD-APUMA(Val)'!F25*F$49 -> 377 | G25: ='OD-APUMA(Val)'!G25*G$49 -> 0 | H25: ='OD-APUMA(Val)'!H25*H$49 -> 0 | I25: ='OD-APUMA(Val)'!I25*I$49 -> 0 | J25: ='OD-APUMA(Val)'!J25*J$49 -> 0 | ... X25: ='OD-APUMA(Val)'!X25*X$49 -> 0 | Y25: 0 | Z25: ='OD-APUMA(Val)'!Z25*Z$49 -> 0 | AA25: ='OD-APUMA(Val)'!AA25*AA$49 -> 78 | AB25: ='OD-APUMA(Val)'!AB25*AB$49 -> 0 | AC25: ='OD-APUMA(Val)'!AC25*AC$49 -> 0 | AD25: ='OD-APUMA(Val)'!AD25*AD$49 -> 0 | AE25: ='OD-APUMA(Val)'!AE25*AE$49 -> 156 | AF25: ='OD-APUMA(Val)'!AF25*AF$49 -> 0 | AG25: ='OD-APUMA(Val)'!AG25*AG$49 -> 0 | ... AQ25: ='OD-APUMA(Val)'!AQ25*AQ$49 -> 0 | AR25: =SUM('OD-APUMA(Val)'!C25:AQ25) -> 34944 | AS25: =MAX('OD-APUMA(Val)'!C25:AQ25) -> 33397 | AT25: =SUM(C25:AQ25)/AR25 -> 0.044270833 | AU25: =AT25^4 -> 3.8412342e-06
A26: 80 | B26: 118885 | C26: ='OD-APUMA(Val)'!C26*C$49 -> 0 | D26: ='OD-APUMA(Val)'!D26*D$49 -> 247 | E26: ='OD-APUMA(Val)'!E26*E$49 -> 0 | F26: ='OD-APUMA(Val)'!F26*F$49 -> 0 | G26: ='OD-APUMA(Val)'!G26*G$49 -> 0 | H26: ='OD-APUMA(Val)'!H26*H$49 -> 0 | I26: ='OD-APUMA(Val)'!I26*I$49 -> 0 | J26: ='OD-APUMA(Val)'!J26*J$49 -> 0 | ... Y26: ='OD-APUMA(Val)'!Y26*Y$49 -> 0 | Z26: 0 | AA26: ='OD-APUMA(Val)'!AA26*AA$49 -> 0 | AB26: ='OD-APUMA(Val)'!AB26*AB$49 -> 78 | AC26: ='OD-APUMA(Val)'!AC26*AC$49 -> 0 | AD26: ='OD-APUMA(Val)'!AD26*AD$49 -> 260 | AE26: ='OD-APUMA(Val)'!AE26*AE$49 -> 598 | AF26: ='OD-APUMA(Val)'!AF26*AF$49 -> 104 | AG26: ='OD-APUMA(Val)'!AG26*AG$49 -> 0 | AH26: ='OD-APUMA(Val)'!AH26*AH$49 -> 0 | ... AQ26: ='OD-APUMA(Val)'!AQ26*AQ$49 -> 312 | AR26: =SUM('OD-APUMA(Val)'!C26:AQ26) -> 91208 | AS26: =MAX('OD-APUMA(Val)'!C26:AQ26) -> 82537 | AT26: =SUM(C26:AQ26)/AR26 -> 0.095068415 | AU26: =AT26^4 -> 8.1685508e-05
A27: 86 | B27: 634894 | C27: ='OD-APUMA(Val)'!C27*C$49 -> 91 | D27: ='OD-APUMA(Val)'!D27*D$49 -> 78 | E27: ='OD-APUMA(Val)'!E27*E$49 -> 130 | F27: ='OD-APUMA(Val)'!F27*F$49 -> 0 | G27: ='OD-APUMA(Val)'!G27*G$49 -> 0 | H27: ='OD-APUMA(Val)'!H27*H$49 -> 143 | I27: ='OD-APUMA(Val)'!I27*I$49 -> 0 | J27: ='OD-APUMA(Val)'!J27*J$49 -> 0 | ... Z27: ='OD-APUMA(Val)'!Z27*Z$49 -> 0 | AA27: 0 | AB27: ='OD-APUMA(Val)'!AB27*AB$49 -> 35737 | AC27: ='OD-APUMA(Val)'!AC27*AC$49 -> 65 | AD27: ='OD-APUMA(Val)'!AD27*AD$49 -> 0 | AE27: ='OD-APUMA(Val)'!AE27*AE$49 -> 1768 | AF27: ='OD-APUMA(Val)'!AF27*AF$49 -> 0 | AG27: ='OD-APUMA(Val)'!AG27*AG$49 -> 260 | AH27: ='OD-APUMA(Val)'!AH27*AH$49 -> 0 | AI27: ='OD-APUMA(Val)'!AI27*AI$49 -> 481 | ... AQ27: ='OD-APUMA(Val)'!AQ27*AQ$49 -> 0 | AR27: =SUM('OD-APUMA(Val)'!C27:AQ27) -> 632060 | AS27: =MAX('OD-APUMA(Val)'!C27:AQ27) -> 448058 | AT27: =SUM(C27:AQ27)/AR27 -> 0.29111477 | AU27: =AT27^4 -> 0.0071821909
A28: 87 | B28: 401882 | C28: ='OD-APUMA(Val)'!C28*C$49 -> 273 | D28: ='OD-APUMA(Val)'!D28*D$49 -> 117 | E28: ='OD-APUMA(Val)'!E28*E$49 -> 0 | F28: ='OD-APUMA(Val)'!F28*F$49 -> 182 | G28: ='OD-APUMA(Val)'!G28*G$49 -> 0 | H28: ='OD-APUMA(Val)'!H28*H$49 -> 143 | I28: ='OD-APUMA(Val)'!I28*I$49 -> 0 | J28: ='OD-APUMA(Val)'!J28*J$49 -> 0 | ... AA28: ='OD-APUMA(Val)'!AA28*AA$49 -> 83265 | AB28: 0 | AC28: ='OD-APUMA(Val)'!AC28*AC$49 -> 104 | AD28: ='OD-APUMA(Val)'!AD28*AD$49 -> 0 | AE28: ='OD-APUMA(Val)'!AE28*AE$49 -> 806 | AF28: ='OD-APUMA(Val)'!AF28*AF$49 -> 0 | AG28: ='OD-APUMA(Val)'!AG28*AG$49 -> 208 | AH28: ='OD-APUMA(Val)'!AH28*AH$49 -> 0 | AI28: ='OD-APUMA(Val)'!AI28*AI$49 -> 559 | AJ28: ='OD-APUMA(Val)'!AJ28*AJ$49 -> 169 | ... AQ28: ='OD-APUMA(Val)'!AQ28*AQ$49 -> 0 | AR28: =SUM('OD-APUMA(Val)'!C28:AQ28) -> 401219 | AS28: =MAX('OD-APUMA(Val)'!C28:AQ28) -> 243971 | AT28: =SUM(C28:AQ28)/AR28 -> 0.39192561 | AU28: =AT28^4 -> 0.023594705
A29: 88 | B29: 405808 | C29: ='OD-APUMA(Val)'!C29*C$49 -> 0 | D29: ='OD-APUMA(Val)'!D29*D$49 -> 117 | E29: ='OD-APUMA(Val)'!E29*E$49 -> 0 | F29: ='OD-APUMA(Val)'!F29*F$49 -> 351 | G29: ='OD-APUMA(Val)'!G29*G$49 -> 195 | H29: ='OD-APUMA(Val)'!H29*H$49 -> 182 | I29: ='OD-APUMA(Val)'!I29*I$49 -> 0 | J29: ='OD-APUMA(Val)'!J29*J$49 -> 91 | ... AB29: ='OD-APUMA(Val)'!AB29*AB$49 -> 169 | AC29: 0 | AD29: ='OD-APUMA(Val)'!AD29*AD$49 -> 104 | AE29: ='OD-APUMA(Val)'!AE29*AE$49 -> 741 | AF29: ='OD-APUMA(Val)'!AF29*AF$49 -> 520 | AG29: ='OD-APUMA(Val)'!AG29*AG$49 -> 117 | AH29: ='OD-APUMA(Val)'!AH29*AH$49 -> 130 | AI29: ='OD-APUMA(Val)'!AI29*AI$49 -> 143 | AJ29: ='OD-APUMA(Val)'!AJ29*AJ$49 -> 0 | AK29: ='OD-APUMA(Val)'!AK29*AK$49 -> 104 | ... AQ29: ='OD-APUMA(Val)'!AQ29*AQ$49 -> 377 | AR29: =SUM('OD-APUMA(Val)'!C29:AQ29) -> 268060 | AS29: =MAX('OD-APUMA(Val)'!C29:AQ29) -> 250822 | AT29: =SUM(C29:AQ29)/AR29 -> 0.064306499 | AU29: =AT29^4 -> 1.7100919e-05
A30: 89 | B30: 320827 | C30: ='OD-APUMA(Val)'!C30*C$49 -> 104 | D30: ='OD-APUMA(Val)'!D30*D$49 -> 0 | E30: ='OD-APUMA(Val)'!E30*E$49 -> 0 | F30: ='OD-APUMA(Val)'!F30*F$49 -> 182 | G30: ='OD-APUMA(Val)'!G30*G$49 -> 0 | H30: ='OD-APUMA(Val)'!H30*H$49 -> 0 | I30: ='OD-APUMA(Val)'!I30*I$49 -> 0 | J30: ='OD-APUMA(Val)'!J30*J$49 -> 0 | ... AC30: ='OD-APUMA(Val)'!AC30*AC$49 -> 156 | AD30: 0 | AE30: ='OD-APUMA(Val)'!AE30*AE$49 -> 7618 | AF30: ='OD-APUMA(Val)'!AF30*AF$49 -> 208 | AG30: ='OD-APUMA(Val)'!AG30*AG$49 -> 169 | AH30: ='OD-APUMA(Val)'!AH30*AH$49 -> 91 | AI30: ='OD-APUMA(Val)'!AI30*AI$49 -> 0 | AJ30: ='OD-APUMA(Val)'!AJ30*AJ$49 -> 1664 | AK30: ='OD-APUMA(Val)'!AK30*AK$49 -> 0 | AL30: ='OD-APUMA(Val)'!AL30*AL$49 -> 91 | ... AQ30: ='OD-APUMA(Val)'!AQ30*AQ$49 -> 208 | AR30: =SUM('OD-APUMA(Val)'!C30:AQ30) -> 221559 | AS30: =MAX('OD-APUMA(Val)'!C30:AQ30) -> 207935 | AT30: =SUM(C30:AQ30)/AR30 -> 0.061491521 | AU30: =AT30^4 -> 1.4297528e-05
A31: 90 | B31: 4714869 | C31: ='OD-APUMA(Val)'!C31*C$49 -> 1573 | D31: ='OD-APUMA(Val)'!D31*D$49 -> 2535 | E31: ='OD-APUMA(Val)'!E31*E$49 -> 1079 | F31: ='OD-APUMA(Val)'!F31*F$49 -> 533 | G31: ='OD-APUMA(Val)'!G31*G$49 -> 312 | H31: ='OD-APUMA(Val)'!H31*H$49 -> 273 | I31: ='OD-APUMA(Val)'!I31*I$49 -> 273 | J31: ='OD-APUMA(Val)'!J31*J$49 -> 364 | ... AD31: ='OD-APUMA(Val)'!AD31*AD$49 -> 9503 | AE31: 0 | AF31: ='OD-APUMA(Val)'!AF31*AF$49 -> 793 | AG31: ='OD-APUMA(Val)'!AG31*AG$49 -> 136591 | AH31: ='OD-APUMA(Val)'!AH31*AH$49 -> 6617 | AI31: ='OD-APUMA(Val)'!AI31*AI$49 -> 468 | AJ31: ='OD-APUMA(Val)'!AJ31*AJ$49 -> 32331 | AK31: ='OD-APUMA(Val)'!AK31*AK$49 -> 3419 | AL31: ='OD-APUMA(Val)'!AL31*AL$49 -> 156 | AM31: ='OD-APUMA(Val)'!AM31*AM$49 -> 520 | ... AQ31: ='OD-APUMA(Val)'!AQ31*AQ$49 -> 21801 | AR31: =SUM('OD-APUMA(Val)'!C31:AQ31) -> 4091568 | AS31: =MAX('OD-APUMA(Val)'!C31:AQ31) -> 3859648 | AT31: =SUM(C31:AQ31)/AR31 -> 0.056682426 | AU31: =AT31^4 -> 1.032271e-05
A32: 91 | B32: 195273 | C32: ='OD-APUMA(Val)'!C32*C$49 -> 91 | D32: ='OD-APUMA(Val)'!D32*D$49 -> 0 | E32: ='OD-APUMA(Val)'!E32*E$49 -> 130 | F32: ='OD-APUMA(Val)'!F32*F$49 -> 78 | G32: ='OD-APUMA(Val)'!G32*G$49 -> 0 | H32: ='OD-APUMA(Val)'!H32*H$49 -> 0 | I32: ='OD-APUMA(Val)'!I32*I$49 -> 0 | J32: ='OD-APUMA(Val)'!J32*J$49 -> 130 | ... AE32: ='OD-APUMA(Val)'!AE32*AE$49 -> 260 | AF32: 0 | AG32: ='OD-APUMA(Val)'!AG32*AG$49 -> 0 | AH32: ='OD-APUMA(Val)'!AH32*AH$49 -> 0 | AI32: ='OD-APUMA(Val)'!AI32*AI$49 -> 0 | AJ32: ='OD-APUMA(Val)'!AJ32*AJ$49 -> 143 | AK32: ='OD-APUMA(Val)'!AK32*AK$49 -> 0 | AL32: ='OD-APUMA(Val)'!AL32*AL$49 -> 0 | AM32: ='OD-APUMA(Val)'!AM32*AM$49 -> 2275 | AN32: ='OD-APUMA(Val)'!AN32*AN$49 -> 0 | ... AQ32: ='OD-APUMA(Val)'!AQ32*AQ$49 -> 143 | AR32: =SUM('OD-APUMA(Val)'!C32:AQ32) -> 164359 | AS32: =MAX('OD-APUMA(Val)'!C32:AQ32) -> 152750 | AT32: =SUM(C32:AQ32)/AR32 -> 0.07063197 | AU32: =AT32^4 -> 2.4888876e-05
A33: 92 | B33: 1138865 | C33: ='OD-APUMA(Val)'!C33*C$49 -> 390 | D33: ='OD-APUMA(Val)'!D33*D$49 -> 104 | E33: ='OD-APUMA(Val)'!E33*E$49 -> 364 | F33: ='OD-APUMA(Val)'!F33*F$49 -> 182 | G33: ='OD-APUMA(Val)'!G33*G$49 -> 65 | H33: ='OD-APUMA(Val)'!H33*H$49 -> 78 | I33: ='OD-APUMA(Val)'!I33*I$49 -> 78 | J33: ='OD-APUMA(Val)'!J33*J$49 -> 0 | ... AF33: ='OD-APUMA(Val)'!AF33*AF$49 -> 0 | AG33: 0 | AH33: ='OD-APUMA(Val)'!AH33*AH$49 -> 9178 | AI33: ='OD-APUMA(Val)'!AI33*AI$49 -> 143 | AJ33: ='OD-APUMA(Val)'!AJ33*AJ$49 -> 9529 | AK33: ='OD-APUMA(Val)'!AK33*AK$49 -> 7098 | AL33: ='OD-APUMA(Val)'!AL33*AL$49 -> 78 | AM33: ='OD-APUMA(Val)'!AM33*AM$49 -> 416 | AN33: ='OD-APUMA(Val)'!AN33*AN$49 -> 0 | AO33: ='OD-APUMA(Val)'!AO33*AO$49 -> 78 | ... AQ33: ='OD-APUMA(Val)'!AQ33*AQ$49 -> 468 | AR33: =SUM('OD-APUMA(Val)'!C33:AQ33) -> 1278199 | AS33: =MAX('OD-APUMA(Val)'!C33:AQ33) -> 1047085 | AT33: =SUM(C33:AQ33)/AR33 -> 0.18081222 | AU33: =AT33^4 -> 0.0010688361
A34: 93 | B34: 687843 | C34: ='OD-APUMA(Val)'!C34*C$49 -> 364 | D34: ='OD-APUMA(Val)'!D34*D$49 -> 351 | E34: ='OD-APUMA(Val)'!E34*E$49 -> 260 | F34: ='OD-APUMA(Val)'!F34*F$49 -> 39 | G34: ='OD-APUMA(Val)'!G34*G$49 -> 0 | H34: ='OD-APUMA(Val)'!H34*H$49 -> 117 | I34: ='OD-APUMA(Val)'!I34*I$49 -> 104 | J34: ='OD-APUMA(Val)'!J34*J$49 -> 0 | ... AG34: ='OD-APUMA(Val)'!AG34*AG$49 -> 48828 | AH34: 0 | AI34: ='OD-APUMA(Val)'!AI34*AI$49 -> 104 | AJ34: ='OD-APUMA(Val)'!AJ34*AJ$49 -> 40846 | AK34: ='OD-APUMA(Val)'!AK34*AK$49 -> 7150 | AL34: ='OD-APUMA(Val)'!AL34*AL$49 -> 0 | AM34: ='OD-APUMA(Val)'!AM34*AM$49 -> 0 | AN34: ='OD-APUMA(Val)'!AN34*AN$49 -> 0 | AO34: ='OD-APUMA(Val)'!AO34*AO$49 -> 0 | AP34: ='OD-APUMA(Val)'!AP34*AP$49 -> 0 | AQ34: ='OD-APUMA(Val)'!AQ34*AQ$49 -> 117 | AR34: =SUM('OD-APUMA(Val)'!C34:AQ34) -> 482651 | AS34: =MAX('OD-APUMA(Val)'!C34:AQ34) -> 345176 | AT34: =SUM(C34:AQ34)/AR34 -> 0.28483314 | AU34: =AT34^4 -> 0.0065820636
A35: 94 | B35: 559078 | C35: ='OD-APUMA(Val)'!C35*C$49 -> 390 | D35: ='OD-APUMA(Val)'!D35*D$49 -> 481 | E35: ='OD-APUMA(Val)'!E35*E$49 -> 117 | F35: ='OD-APUMA(Val)'!F35*F$49 -> 104 | G35: ='OD-APUMA(Val)'!G35*G$49 -> 286 | H35: ='OD-APUMA(Val)'!H35*H$49 -> 169 | I35: ='OD-APUMA(Val)'!I35*I$49 -> 403 | J35: ='OD-APUMA(Val)'!J35*J$49 -> 429 | ... AH35: ='OD-APUMA(Val)'!AH35*AH$49 -> 0 | AI35: 0 | AJ35: ='OD-APUMA(Val)'!AJ35*AJ$49 -> 130 | AK35: ='OD-APUMA(Val)'!AK35*AK$49 -> 689 | AL35: ='OD-APUMA(Val)'!AL35*AL$49 -> 6344 | AM35: ='OD-APUMA(Val)'!AM35*AM$49 -> 1222 | AN35: ='OD-APUMA(Val)'!AN35*AN$49 -> 2327 | AO35: ='OD-APUMA(Val)'!AO35*AO$49 -> 0 | AP35: ='OD-APUMA(Val)'!AP35*AP$49 -> 182 | AQ35: ='OD-APUMA(Val)'!AQ35*AQ$49 -> 0 | AR35: =SUM('OD-APUMA(Val)'!C35:AQ35) -> 482352 | AS35: =MAX('OD-APUMA(Val)'!C35:AQ35) -> 424983 | AT35: =SUM(C35:AQ35)/AR35 -> 0.11893596 | AU35: =AT35^4 -> 0.00020010262
A36: 95 | B36: 822029 | C36: ='OD-APUMA(Val)'!C36*C$49 -> 390 | D36: ='OD-APUMA(Val)'!D36*D$49 -> 676 | E36: ='OD-APUMA(Val)'!E36*E$49 -> 546 | F36: ='OD-APUMA(Val)'!F36*F$49 -> 208 | G36: ='OD-APUMA(Val)'!G36*G$49 -> 0 | H36: ='OD-APUMA(Val)'!H36*H$49 -> 0 | I36: ='OD-APUMA(Val)'!I36*I$49 -> 0 | J36: ='OD-APUMA(Val)'!J36*J$49 -> 0 | ... AI36: ='OD-APUMA(Val)'!AI36*AI$49 -> 0 | AJ36: 0 | AK36: ='OD-APUMA(Val)'!AK36*AK$49 -> 767 | AL36: ='OD-APUMA(Val)'!AL36*AL$49 -> 130 | AM36: ='OD-APUMA(Val)'!AM36*AM$49 -> 221 | AN36: ='OD-APUMA(Val)'!AN36*AN$49 -> 0 | AO36: ='OD-APUMA(Val)'!AO36*AO$49 -> 117 | AP36: ='OD-APUMA(Val)'!AP36*AP$49 -> 65 | AQ36: ='OD-APUMA(Val)'!AQ36*AQ$49 -> 325 | AR36: =SUM('OD-APUMA(Val)'!C36:AQ36) -> 607932 | AS36: =MAX('OD-APUMA(Val)'!C36:AQ36) -> 414232 | AT36: =SUM(C36:AQ36)/AR36 -> 0.31862116 | AU36: =AT36^4 -> 0.010306198
A37: 96 | B37: 1264757 | C37: ='OD-APUMA(Val)'!C37*C$49 -> 572 | D37: ='OD-APUMA(Val)'!D37*D$49 -> 169 | E37: ='OD-APUMA(Val)'!E37*E$49 -> 130 | F37: ='OD-APUMA(Val)'!F37*F$49 -> 390 | G37: ='OD-APUMA(Val)'!G37*G$49 -> 78 | H37: ='OD-APUMA(Val)'!H37*H$49 -> 130 | I37: ='OD-APUMA(Val)'!I37*I$49 -> 208 | J37: ='OD-APUMA(Val)'!J37*J$49 -> 260 | ... AJ37: ='OD-APUMA(Val)'!AJ37*AJ$49 -> 1456 | AK37: 0 | AL37: ='OD-APUMA(Val)'!AL37*AL$49 -> 169 | AM37: ='OD-APUMA(Val)'!AM37*AM$49 -> 403 | AN37: ='OD-APUMA(Val)'!AN37*AN$49 -> 65 | AO37: ='OD-APUMA(Val)'!AO37*AO$49 -> 91 | AP37: ='OD-APUMA(Val)'!AP37*AP$49 -> 234 | AQ37: ='OD-APUMA(Val)'!AQ37*AQ$49 -> 429 | AR37: =SUM('OD-APUMA(Val)'!C37:AQ37) -> 1221532 | AS37: =MAX('OD-APUMA(Val)'!C37:AQ37) -> 1184040 | AT37: =SUM(C37:AQ37)/AR37 -> 0.030692606 | AU37: =AT37^4 -> 8.8743191e-07
A38: 97 | B38: 154115 | C38: ='OD-APUMA(Val)'!C38*C$49 -> 0 | D38: ='OD-APUMA(Val)'!D38*D$49 -> 0 | E38: ='OD-APUMA(Val)'!E38*E$49 -> 0 | F38: ='OD-APUMA(Val)'!F38*F$49 -> 0 | G38: ='OD-APUMA(Val)'!G38*G$49 -> 0 | H38: ='OD-APUMA(Val)'!H38*H$49 -> 0 | I38: ='OD-APUMA(Val)'!I38*I$49 -> 0 | J38: ='OD-APUMA(Val)'!J38*J$49 -> 0 | ... AK38: ='OD-APUMA(Val)'!AK38*AK$49 -> 0 | AL38: 0 | AM38: ='OD-APUMA(Val)'!AM38*AM$49 -> 3159 | AN38: ='OD-APUMA(Val)'!AN38*AN$49 -> 234 | AO38: ='OD-APUMA(Val)'!AO38*AO$49 -> 0 | AP38: ='OD-APUMA(Val)'!AP38*AP$49 -> 4927 | AQ38: ='OD-APUMA(Val)'!AQ38*AQ$49 -> 0 | AR38: =SUM('OD-APUMA(Val)'!C38:AQ38) -> 109590 | AS38: =MAX('OD-APUMA(Val)'!C38:AQ38) -> 85462 | AT38: =SUM(C38:AQ38)/AR38 -> 0.22016607 | AU38: =AT38^4 -> 0.0023496414
A39: 98 | B39: 686517 | C39: ='OD-APUMA(Val)'!C39*C$49 -> 91 | D39: ='OD-APUMA(Val)'!D39*D$49 -> 143 | E39: ='OD-APUMA(Val)'!E39*E$49 -> 234 | F39: ='OD-APUMA(Val)'!F39*F$49 -> 182 | G39: ='OD-APUMA(Val)'!G39*G$49 -> 0 | H39: ='OD-APUMA(Val)'!H39*H$49 -> 0 | I39: ='OD-APUMA(Val)'!I39*I$49 -> 0 | J39: ='OD-APUMA(Val)'!J39*J$49 -> 0 | ... AL39: ='OD-APUMA(Val)'!AL39*AL$49 -> 780 | AM39: 0 | AN39: ='OD-APUMA(Val)'!AN39*AN$49 -> 403 | AO39: ='OD-APUMA(Val)'!AO39*AO$49 -> 273 | AP39: ='OD-APUMA(Val)'!AP39*AP$49 -> 156 | AQ39: ='OD-APUMA(Val)'!AQ39*AQ$49 -> 130 | AR39: =SUM('OD-APUMA(Val)'!C39:AQ39) -> 804063 | AS39: =MAX('OD-APUMA(Val)'!C39:AQ39) -> 714948 | AT39: =SUM(C39:AQ39)/AR39 -> 0.11083087 | AU39: =AT39^4 -> 0.00015088391
A40: 99 | B40: 183391 | C40: ='OD-APUMA(Val)'!C40*C$49 -> 130 | D40: ='OD-APUMA(Val)'!D40*D$49 -> 0 | E40: ='OD-APUMA(Val)'!E40*E$49 -> 0 | F40: ='OD-APUMA(Val)'!F40*F$49 -> 0 | G40: ='OD-APUMA(Val)'!G40*G$49 -> 0 | H40: ='OD-APUMA(Val)'!H40*H$49 -> 0 | I40: ='OD-APUMA(Val)'!I40*I$49 -> 0 | J40: ='OD-APUMA(Val)'!J40*J$49 -> 104 | ... AM40: ='OD-APUMA(Val)'!AM40*AM$49 -> 936 | AN40: 0 | AO40: ='OD-APUMA(Val)'!AO40*AO$49 -> 1118 | AP40: ='OD-APUMA(Val)'!AP40*AP$49 -> 91 | AQ40: ='OD-APUMA(Val)'!AQ40*AQ$49 -> 0 | AR40: =SUM('OD-APUMA(Val)'!C40:AQ40) -> 158938 | AS40: =MAX('OD-APUMA(Val)'!C40:AQ40) -> 99255 | AT40: =SUM(C40:AQ40)/AR40 -> 0.37551121 | AU40: =AT40^4 -> 0.019883444
A41: 100 | B41: 195936 | C41: ='OD-APUMA(Val)'!C41*C$49 -> 156 | D41: ='OD-APUMA(Val)'!D41*D$49 -> 91 | E41: ='OD-APUMA(Val)'!E41*E$49 -> 130 | F41: ='OD-APUMA(Val)'!F41*F$49 -> 598 | G41: ='OD-APUMA(Val)'!G41*G$49 -> 0 | H41: ='OD-APUMA(Val)'!H41*H$49 -> 0 | I41: ='OD-APUMA(Val)'!I41*I$49 -> 0 | J41: ='OD-APUMA(Val)'!J41*J$49 -> 0 | ... AN41: ='OD-APUMA(Val)'!AN41*AN$49 -> 1768 | AO41: 0 | AP41: ='OD-APUMA(Val)'!AP41*AP$49 -> 0 | AQ41: ='OD-APUMA(Val)'!AQ41*AQ$49 -> 0 | AR41: =SUM('OD-APUMA(Val)'!C41:AQ41) -> 182702 | AS41: =MAX('OD-APUMA(Val)'!C41:AQ41) -> 146120 | AT41: =SUM(C41:AQ41)/AR41 -> 0.20022769 | AU41: =AT41^4 -> 0.0016072986
A42: 101 | B42: 219609 | C42: ='OD-APUMA(Val)'!C42*C$49 -> 208 | D42: ='OD-APUMA(Val)'!D42*D$49 -> 0 | E42: ='OD-APUMA(Val)'!E42*E$49 -> 0 | F42: ='OD-APUMA(Val)'!F42*F$49 -> 0 | G42: ='OD-APUMA(Val)'!G42*G$49 -> 0 | H42: ='OD-APUMA(Val)'!H42*H$49 -> 0 | I42: ='OD-APUMA(Val)'!I42*I$49 -> 0 | J42: ='OD-APUMA(Val)'!J42*J$49 -> 0 | ... AO42: ='OD-APUMA(Val)'!AO42*AO$49 -> 0 | AP42: 0 | AQ42: ='OD-APUMA(Val)'!AQ42*AQ$49 -> 0 | AR42: =SUM('OD-APUMA(Val)'!C42:AQ42) -> 143481 | AS42: =MAX('OD-APUMA(Val)'!C42:AQ42) -> 119210 | AT42: =SUM(C42:AQ42)/AR42 -> 0.16915829 | AU42: =AT42^4 -> 0.00081879108
A43: 103 | B43: 331552 | C43: ='OD-APUMA(Val)'!C43*C$49 -> 65 | D43: ='OD-APUMA(Val)'!D43*D$49 -> 117 | E43: ='OD-APUMA(Val)'!E43*E$49 -> 52 | F43: ='OD-APUMA(Val)'!F43*F$49 -> 117 | G43: ='OD-APUMA(Val)'!G43*G$49 -> 0 | H43: ='OD-APUMA(Val)'!H43*H$49 -> 104 | I43: ='OD-APUMA(Val)'!I43*I$49 -> 0 | J43: ='OD-APUMA(Val)'!J43*J$49 -> 0 | ... AP43: ='OD-APUMA(Val)'!AP43*AP$49 -> 0 | AQ43: 0 | AR43: =SUM('OD-APUMA(Val)'!C43:AQ43) -> 335556 | AS43: =MAX('OD-APUMA(Val)'!C43:AQ43) -> 249158 | AT43: =SUM(C43:AQ43)/AR43 -> 0.25747714 | AU43: =AT43^4 -> 0.0043949579
A44: Grand Total | B44: 15631931 | C44: =SUM(C3:C43) -> 6734 | D44: =SUM(D3:D43) -> 6422 | E44: =SUM(E3:E43) -> 8437 | F44: =SUM(F3:F43) -> 6513 | G44: =SUM(G3:G43) -> 10946 | H44: =SUM(H3:H43) -> 3887 | I44: =SUM(I3:I43) -> 4875 | J44: =SUM(J3:J43) -> 4745 | ... AQ44: =SUM(AQ3:AQ43) -> 26650 | AR44: =SUM('OD-APUMA(Val)'!C44:AQ44) -> 13839891 | AS44: =MAX('OD-APUMA(Val)'!C44:AQ44) -> 4317976 | AT44: =SUM(C44:AQ44)/AR44 -> 0.3056743
A45: 0 | B45: ResidentWorkers | C45: =MAX(C3:C43) -> 1573 | D45: =MAX(D3:D43) -> 2535 | E45: =MAX(E3:E43) -> 2275 | F45: =MAX(F3:F43) -> 1456 | G45: =MAX(G3:G43) -> 5811 | H45: =MAX(H3:H43) -> 1105 | I45: =MAX(I3:I43) -> 1872 | J45: =MAX(J3:J43) -> 1651 | ... AQ45: =MAX(AQ3:AQ43) -> 21801 | AR45: =SUM('OD-APUMA(Val)'!C45:AQ45) -> 11744720 | AS45: =MAX('OD-APUMA(Val)'!C45:AQ45) -> 3859648 | AT45: =SUM(C45:AQ45)/AR45 -> 0.25191269
A46: 0 | B46: Non-ResidentWorkers | C46: =SUM(C3:C43)-MAX(C3:C43) -> 5161 | D46: =SUM(D3:D43)-MAX(D3:D43) -> 3887 | E46: =SUM(E3:E43)-MAX(E3:E43) -> 6162 | F46: =SUM(F3:F43)-MAX(F3:F43) -> 5057 | G46: =SUM(G3:G43)-MAX(G3:G43) -> 5135 | H46: =SUM(H3:H43)-MAX(H3:H43) -> 2782 | I46: =SUM(I3:I43)-MAX(I3:I43) -> 3003 | J46: =SUM(J3:J43)-MAX(J3:J43) -> 3094 | ... AQ46: =SUM(AQ3:AQ43)-MAX(AQ3:AQ43) -> 4849 | AR46: =SUM('OD-APUMA(Val)'!C46:AQ46) -> 2095171 | AS46: =MAX('OD-APUMA(Val)'!C46:AQ46) -> 458328 | AT46: =SUM(C46:AQ46)/AR46 -> 0.60704114
A47: 0 | B47: Total Workers | C47: =SUM(C3:C43) -> 6734 | D47: =SUM(D3:D43) -> 6422 | E47: =SUM(E3:E43) -> 8437 | F47: =SUM(F3:F43) -> 6513 | G47: =SUM(G3:G43) -> 10946 | H47: =SUM(H3:H43) -> 3887 | I47: =SUM(I3:I43) -> 4875 | J47: =SUM(J3:J43) -> 4745 | ... AQ47: =SUM(AQ3:AQ43) -> 26650 | AR47: =SUM('OD-APUMA(Val)'!C47:AQ47) -> 13839891 | AS47: =MAX('OD-APUMA(Val)'!C47:AQ47) -> 4317976 | AT47: =SUM(C47:AQ47)/AR47 -> 0.3056743
B49: TollShare | C49: 1 | D49: 1 | E49: 1 | F49: 1 | G49: 1 | H49: 1 | I49: 1 | J49: 1 | K49: 1 | L49: 1 | M49: 1 | N49: 1 | O49: 1 | P49: 1 | Q49: 1 | R49: 1 | S49: 1 | T49: 1 | U49: 1 | V49: 1 | W49: 1 | X49: 1 | Y49: 1 | Z49: 1 | AA49: 1 | AB49: 1 | AC49: 1 | AD49: 1 | AE49: 1 | AF49: 1 | AG49: 1 | AH49: 1 | AI49: 1 | AJ49: 1 | AK49: 1 | AL49: 1 | AM49: 1 | AN49: 1 | AO49: 1 | AP49: 1 | AQ49: 1

Sheet NeighborEffect-i=3
A1: Sum of TRIPS | B1: D-APUMA
A2: O-APUMA | B2: 0 | C2: 1 | D2: 2 | E2: 3 | F2: 4 | G2: 5 | H2: 6 | I2: 7 | J2: 8 | K2: 9 | L2: 10 | M2: 11 | N2: 12 | O2: 15 | P2: 19 | Q2: 22 | R2: 26 | S2: 27 | T2: 30 | U2: 31 | V2: 32 | W2: 75 | X2: 76 | Y2: 77 | Z2: 80 | AA2: 86 | AB2: 87 | AC2: 88 | AD2: 89 | AE2: 90 | AF2: 91 | AG2: 92 | AH2: 93 | AI2: 94 | AJ2: 95 | AK2: 96 | AL2: 97 | AM2: 98 | AN2: 99 | AO2: 100 | AP2: 101 | AQ2: 103 | AR2: Work | AS2: Locals | AT2: OutOfStateSum | AU2: N1^4
A3: 1 | B3: 70434 | C3: 0 | D3: ='OD-APUMA(Val)'!D3*D$49 -> 13.859238 | E3: ='OD-APUMA(Val)'!E3*E$49 -> 67.729722 | F3: ='OD-APUMA(Val)'!F3*F$49 -> 18.773238 | G3: ='OD-APUMA(Val)'!G3*G$49 -> 18.547528 | H3: ='OD-APUMA(Val)'!H3*H$49 -> 2.1138061 | I3: ='OD-APUMA(Val)'!I3*I$49 -> 403 | J3: ='OD-APUMA(Val)'!J3*J$49 -> 0 | K3: ='OD-APUMA(Val)'!K3*K$49 -> 0 | ... AQ3: ='OD-APUMA(Val)'!AQ3*AQ$49 -> 0 | AR3: =SUM('OD-APUMA(Val)'!C3:AQ3) -> 35412 | AS3: =MAX('OD-APUMA(Val)'!C3:AQ3) -> 32903 | AT3: =SUM(C3:AQ3)/AR3 -> 0.032094042 | AU3: =AT3^4 -> 1.0609568e-06
A4: 2 | B4: 70551 | C4: ='OD-APUMA(Val)'!C4*C$49 -> 31.414472 | D4: 0 | E4: ='OD-APUMA(Val)'!E4*E$49 -> 0 | F4: ='OD-APUMA(Val)'!F4*F$49 -> 49.279751 | G4: ='OD-APUMA(Val)'!G4*G$49 -> 0 | H4: ='OD-APUMA(Val)'!H4*H$49 -> 0 | I4: ='OD-APUMA(Val)'!I4*I$49 -> 0 | J4: ='OD-APUMA(Val)'!J4*J$49 -> 0 | K4: ='OD-APUMA(Val)'!K4*K$49 -> 0 | L4: ='OD-APUMA(Val)'!L4*L$49 -> 0 | ... AQ4: ='OD-APUMA(Val)'!AQ4*AQ$49 -> 0 | AR4: =SUM('OD-APUMA(Val)'!C4:AQ4) -> 50492 | AS4: =MAX('OD-APUMA(Val)'!C4:AQ4) -> 49764 | AT4: =SUM(C4:AQ4)/AR4 -> 0.0033275465 | AU4: =AT4^4 -> 1.2260171e-10
A5: 3 | B5: 93327 | C5: ='OD-APUMA(Val)'!C5*C$49 -> 74.796362 | D5: ='OD-APUMA(Val)'!D5*D$49 -> 7.3372436 | E5: 0 | F5: ='OD-APUMA(Val)'!F5*F$49 -> 9.3866192 | G5: ='OD-APUMA(Val)'!G5*G$49 -> 352.40303 | H5: ='OD-APUMA(Val)'!H5*H$49 -> 1.6440714 | I5: ='OD-APUMA(Val)'!I5*I$49 -> 0 | J5: ='OD-APUMA(Val)'!J5*J$49 -> 0 | K5: ='OD-APUMA(Val)'!K5*K$49 -> 0 | L5: ='OD-APUMA(Val)'!L5*L$49 -> 91 | M5: ='OD-APUMA(Val)'!M5*M$49 -> 0 | ... AQ5: ='OD-APUMA(Val)'!AQ5*AQ$49 -> 0 | AR5: =SUM('OD-APUMA(Val)'!C5:AQ5) -> 59163 | AS5: =MAX('OD-APUMA(Val)'!C5:AQ5) -> 55562 | AT5: =SUM(C5:AQ5)/AR5 -> 0.028394453 | AU5: =AT5^4 -> 6.5003094e-07
A6: 4 | B6: 79183 | C6: ='OD-APUMA(Val)'!C6*C$49 -> 0 | D6: ='OD-APUMA(Val)'!D6*D$49 -> 0 | E6: ='OD-APUMA(Val)'!E6*E$49 -> 0 | F6: 0 | G6: ='OD-APUMA(Val)'!G6*G$49 -> 11.128517 | H6: ='OD-APUMA(Val)'!H6*H$49 -> 0 | I6: ='OD-APUMA(Val)'!I6*I$49 -> 182 | J6: ='OD-APUMA(Val)'!J6*J$49 -> 96.055598 | K6: ='OD-APUMA(Val)'!K6*K$49 -> 65 | L6: ='OD-APUMA(Val)'!L6*L$49 -> 0 | M6: ='OD-APUMA(Val)'!M6*M$49 -> 0 | N6: ='OD-APUMA(Val)'!N6*N$49 -> 0 | ... AQ6: ='OD-APUMA(Val)'!AQ6*AQ$49 -> 0 | AR6: =SUM('OD-APUMA(Val)'!C6:AQ6) -> 51012 | AS6: =MAX('OD-APUMA(Val)'!C6:AQ6) -> 47697 | AT6: =SUM(C6:AQ6)/AR6 -> 0.060155834 | AU6: =AT6^4 -> 1.3095166e-05
A7: 5 | B7: 66183 | C7: ='OD-APUMA(Val)'!C7*C$49 -> 0 | D7: ='OD-APUMA(Val)'!D7*D$49 -> 33.425221 | E7: ='OD-APUMA(Val)'!E7*E$49 -> 197.54502 | F7: ='OD-APUMA(Val)'!F7*F$49 -> 11.733274 | G7: 0 | H7: ='OD-APUMA(Val)'!H7*H$49 -> 19.963725 | I7: ='OD-APUMA(Val)'!I7*I$49 -> 572 | J7: ='OD-APUMA(Val)'!J7*J$49 -> 0 | K7: ='OD-APUMA(Val)'!K7*K$49 -> 0 | L7: ='OD-APUMA(Val)'!L7*L$49 -> 0 | M7: ='OD-APUMA(Val)'!M7*M$49 -> 143 | N7: ='OD-APUMA(Val)'!N7*N$49 -> 0 | O7: ='OD-APUMA(Val)'!O7*O$49 -> 0 | ... AQ7: ='OD-APUMA(Val)'!AQ7*AQ$49 -> 0 | AR7: =SUM('OD-APUMA(Val)'!C7:AQ7) -> 34164 | AS7: =MAX('OD-APUMA(Val)'!C7:AQ7) -> 28613 | AT7: =SUM(C7:AQ7)/AR7 -> 0.052090346 | AU7: =AT7^4 -> 7.3625623e-06
A8: 6 | B8: 111722 | C8: ='OD-APUMA(Val)'!C8*C$49 -> 34.406326 | D8: ='OD-APUMA(Val)'!D8*D$49 -> 0 | E8: ='OD-APUMA(Val)'!E8*E$49 -> 5.6441435 | F8: ='OD-APUMA(Val)'!F8*F$49 -> 0 | G8: ='OD-APUMA(Val)'!G8*G$49 -> 396.9171 | H8: 0 | I8: ='OD-APUMA(Val)'!I8*I$49 -> 260 | J8: ='OD-APUMA(Val)'!J8*J$49 -> 1355.4512 | K8: ='OD-APUMA(Val)'!K8*K$49 -> 117 | L8: ='OD-APUMA(Val)'!L8*L$49 -> 0 | M8: ='OD-APUMA(Val)'!M8*M$49 -> 117 | N8: ='OD-APUMA(Val)'!N8*N$49 -> 0 | O8: ='OD-APUMA(Val)'!O8*O$49 -> 0 | P8: ='OD-APUMA(Val)'!P8*P$49 -> 0 | ... AQ8: ='OD-APUMA(Val)'!AQ8*AQ$49 -> 0 | AR8: =SUM('OD-APUMA(Val)'!C8:AQ8) -> 67522 | AS8: =MAX('OD-APUMA(Val)'!C8:AQ8) -> 62647 | AT8: =SUM(C8:AQ8)/AR8 -> 0.042292413 | AU8: =AT8^4 -> 3.1992623e-06
A9: 7 | B9: 61087 | C9: ='OD-APUMA(Val)'!C9*C$49 -> 11.967418 | D9: ='OD-APUMA(Val)'!D9*D$49 -> 0 | E9: ='OD-APUMA(Val)'!E9*E$49 -> 54.183778 | F9: ='OD-APUMA(Val)'!F9*F$49 -> 68.05299 | G9: ='OD-APUMA(Val)'!G9*G$49 -> 22.257034 | H9: ='OD-APUMA(Val)'!H9*H$49 -> 3.7578776 | I9: 0 | J9: ='OD-APUMA(Val)'!J9*J$49 -> 533.64221 | K9: ='OD-APUMA(Val)'!K9*K$49 -> 78 | L9: ='OD-APUMA(Val)'!L9*L$49 -> 0 | M9: ='OD-APUMA(Val)'!M9*M$49 -> 3822 | N9: ='OD-APUMA(Val)'!N9*N$49 -> 0 | O9: ='OD-APUMA(Val)'!O9*O$49 -> 0 | P9: ='OD-APUMA(Val)'!P9*P$49 -> 117 | Q9: ='OD-APUMA(Val)'!Q9*Q$49 -> 117 | ... AQ9: ='OD-APUMA(Val)'!AQ9*AQ$49 -> 0 | AR9: =SUM('OD-APUMA(Val)'!C9:AQ9) -> 41067 | AS9: =MAX('OD-APUMA(Val)'!C9:AQ9) -> 32396 | AT9: =SUM(C9:AQ9)/AR9 -> 0.17014807 | AU9: =AT9^4 -> 0.00083812372
A10: 8 | B10: 74074 | C10: ='OD-APUMA(Val)'!C10*C$49 -> 0 | D10: ='OD-APUMA(Val)'!D10*D$49 -> 0 | E10: ='OD-APUMA(Val)'!E10*E$49 -> 0 | F10: ='OD-APUMA(Val)'!F10*F$49 -> 0 | G10: ='OD-APUMA(Val)'!G10*G$49 -> 114.99467 | H10: ='OD-APUMA(Val)'!H10*H$49 -> 11.978235 | I10: ='OD-APUMA(Val)'!I10*I$49 -> 312 | J10: 0 | K10: ='OD-APUMA(Val)'!K10*K$49 -> 0 | L10: ='OD-APUMA(Val)'!L10*L$49 -> 1521 | M10: ='OD-APUMA(Val)'!M10*M$49 -> 1196 | N10: ='OD-APUMA(Val)'!N10*N$49 -> 0 | O10: ='OD-APUMA(Val)'!O10*O$49 -> 0 | P10: ='OD-APUMA(Val)'!P10*P$49 -> 0 | Q10: ='OD-APUMA(Val)'!Q10*Q$49 -> 0 | R10: ='OD-APUMA(Val)'!R10*R$49 -> 0 | ... AQ10: ='OD-APUMA(Val)'!AQ10*AQ$49 -> 0 | AR10: =SUM('OD-APUMA(Val)'!C10:AQ10) -> 46839 | AS10: =MAX('OD-APUMA(Val)'!C10:AQ10) -> 38493 | AT10: =SUM(C10:AQ10)/AR10 -> 0.15813687 | AU10: =AT10^4 -> 0.00062536355
A11: 9 | B11: 57291 | C11: ='OD-APUMA(Val)'!C11*C$49 -> 16.4552 | D11: ='OD-APUMA(Val)'!D11*D$49 -> 0 | E11: ='OD-APUMA(Val)'!E11*E$49 -> 0 | F11: ='OD-APUMA(Val)'!F11*F$49 -> 37.546477 | G11: ='OD-APUMA(Val)'!G11*G$49 -> 0 | H11: ='OD-APUMA(Val)'!H11*H$49 -> 0 | I11: ='OD-APUMA(Val)'!I11*I$49 -> 0 | J11: ='OD-APUMA(Val)'!J11*J$49 -> 0 | K11: 0 | L11: ='OD-APUMA(Val)'!L11*L$49 -> 104 | M11: ='OD-APUMA(Val)'!M11*M$49 -> 0 | N11: ='OD-APUMA(Val)'!N11*N$49 -> 0 | O11: ='OD-APUMA(Val)'!O11*O$49 -> 429 | P11: ='OD-APUMA(Val)'!P11*P$49 -> 897 | Q11: ='OD-APUMA(Val)'!Q11*Q$49 -> 195 | R11: ='OD-APUMA(Val)'!R11*R$49 -> 0 | S11: ='OD-APUMA(Val)'!S11*S$49 -> 0 | ... AQ11: ='OD-APUMA(Val)'!AQ11*AQ$49 -> 0 | AR11: =SUM('OD-APUMA(Val)'!C11:AQ11) -> 51909 | AS11: =MAX('OD-APUMA(Val)'!C11:AQ11) -> 37791 | AT11: =SUM(C11:AQ11)/AR11 -> 0.26267741 | AU11: =AT11^4 -> 0.0047609206
A12: 10 | B12: 75231 | C12: ='OD-APUMA(Val)'!C12*C$49 -> 7.4796362 | D12: ='OD-APUMA(Val)'!D12*D$49 -> 0 | E12: ='OD-APUMA(Val)'!E12*E$49 -> 19.190088 | F12: ='OD-APUMA(Val)'!F12*F$49 -> 0 | G12: ='OD-APUMA(Val)'!G12*G$49 -> 51.933078 | H12: ='OD-APUMA(Val)'!H12*H$49 -> 3.9927449 | I12: ='OD-APUMA(Val)'!I12*I$49 -> 0 | J12: ='OD-APUMA(Val)'!J12*J$49 -> 416.24092 | K12: ='OD-APUMA(Val)'!K12*K$49 -> 169 | L12: 0 | M12: ='OD-APUMA(Val)'!M12*M$49 -> 208 | N12: ='OD-APUMA(Val)'!N12*N$49 -> 195 | O12: ='OD-APUMA(Val)'!O12*O$49 -> 0 | P12: ='OD-APUMA(Val)'!P12*P$49 -> 0 | Q12: ='OD-APUMA(Val)'!Q12*Q$49 -> 78 | R12: ='OD-APUMA(Val)'!R12*R$49 -> 72.710134 | S12: ='OD-APUMA(Val)'!S12*S$49 -> 0 | T12: ='OD-APUMA(Val)'!T12*T$49 -> 0 | ... AQ12: ='OD-APUMA(Val)'!AQ12*AQ$49 -> 0 | AR12: =SUM('OD-APUMA(Val)'!C12:AQ12) -> 66885 | AS12: =MAX('OD-APUMA(Val)'!C12:AQ12) -> 44408 | AT12: =SUM(C12:AQ12)/AR12 -> 0.32390726 | AU12: =AT12^4 -> 0.011007348
A13: 11 | B13: 90948 | C13: ='OD-APUMA(Val)'!C13*C$49 -> 0 | D13: ='OD-APUMA(Val)'!D13*D$49 -> 0 | E13: ='OD-APUMA(Val)'!E13*E$49 -> 37.251347 | F13: ='OD-APUMA(Val)'!F13*F$49 -> 262.82534 | G13: ='OD-APUMA(Val)'!G13*G$49 -> 118.70418 | H13: ='OD-APUMA(Val)'!H13*H$49 -> 0 | I13: ='OD-APUMA(Val)'!I13*I$49 -> 1872 | J13: ='OD-APUMA(Val)'!J13*J$49 -> 202.78404 | ... L13: ='OD-APUMA(Val)'!L13*L$49 -> 1131 | M13: 0 | N13: ='OD-APUMA(Val)'!N13*N$49 -> 104 | O13: ='OD-APUMA(Val)'!O13*O$49 -> 0 | P13: ='OD-APUMA(Val)'!P13*P$49 -> 91 | Q13: ='OD-APUMA(Val)'!Q13*Q$49 -> 26 | R13: ='OD-APUMA(Val)'!R13*R$49 -> 193.89369 | S13: ='OD-APUMA(Val)'!S13*S$49 -> 0 | T13: ='OD-APUMA(Val)'!T13*T$49 -> 0 | U13: ='OD-APUMA(Val)'!U13*U$49 -> 0 | ... AQ13: ='OD-APUMA(Val)'!AQ13*AQ$49 -> 16.86644 | AR13: =SUM('OD-APUMA(Val)'!C13:AQ13) -> 80626 | AS13: =MAX('OD-APUMA(Val)'!C13:AQ13) -> 46007 | AT13: =SUM(C13:AQ13)/AR13 -> 0.39319103 | AU13: =AT13^4 -> 0.023900908
A14: 12 | B14: 66781 | C14: ='OD-APUMA(Val)'!C14*C$49 -> 0 | D14: ='OD-APUMA(Val)'!D14*D$49 -> 8.9677422 | E14: ='OD-APUMA(Val)'!E14*E$49 -> 25.96306 | F14: ='OD-APUMA(Val)'!F14*F$49 -> 0 | G14: ='OD-APUMA(Val)'!G14*G$49 -> 1658.149 | H14: ='OD-APUMA(Val)'!H14*H$49 -> 2.5835408 | I14: ='OD-APUMA(Val)'!I14*I$49 -> 130 | J14: ='OD-APUMA(Val)'!J14*J$49 -> 0 | ... M14: ='OD-APUMA(Val)'!M14*M$49 -> 1651 | N14: 0 | O14: ='OD-APUMA(Val)'!O14*O$49 -> 0 | P14: ='OD-APUMA(Val)'!P14*P$49 -> 156 | Q14: ='OD-APUMA(Val)'!Q14*Q$49 -> 182 | R14: ='OD-APUMA(Val)'!R14*R$49 -> 193.89369 | S14: ='OD-APUMA(Val)'!S14*S$49 -> 0 | T14: ='OD-APUMA(Val)'!T14*T$49 -> 0 | U14: ='OD-APUMA(Val)'!U14*U$49 -> 0 | V14: ='OD-APUMA(Val)'!V14*V$49 -> 0 | ... AQ14: ='OD-APUMA(Val)'!AQ14*AQ$49 -> 8.4332198 | AR14: =SUM('OD-APUMA(Val)'!C14:AQ14) -> 56082 | AS14: =MAX('OD-APUMA(Val)'!C14:AQ14) -> 30693 | AT14: =SUM(C14:AQ14)/AR14 -> 0.35960258 | AU14: =AT14^4 -> 0.016722114
A15: 15 | B15: 103519 | C15: ='OD-APUMA(Val)'!C15*C$49 -> 0 | D15: ='OD-APUMA(Val)'!D15*D$49 -> 0 | E15: ='OD-APUMA(Val)'!E15*E$49 -> 9.0306296 | F15: ='OD-APUMA(Val)'!F15*F$49 -> 23.466548 | G15: ='OD-APUMA(Val)'!G15*G$49 -> 0 | H15: ='OD-APUMA(Val)'!H15*H$49 -> 0 | I15: ='OD-APUMA(Val)'!I15*I$49 -> 0 | J15: ='OD-APUMA(Val)'!J15*J$49 -> 160.09266 | ... N15: ='OD-APUMA(Val)'!N15*N$49 -> 0 | O15: 0 | P15: ='OD-APUMA(Val)'!P15*P$49 -> 33098 | Q15: ='OD-APUMA(Val)'!Q15*Q$49 -> 3744 | R15: ='OD-APUMA(Val)'!R15*R$49 -> 0 | S15: ='OD-APUMA(Val)'!S15*S$49 -> 0 | T15: ='OD-APUMA(Val)'!T15*T$49 -> 0 | U15: ='OD-APUMA(Val)'!U15*U$49 -> 0 | V15: ='OD-APUMA(Val)'!V15*V$49 -> 0 | W15: ='OD-APUMA(Val)'!W15*W$49 -> 0 | ... AQ15: ='OD-APUMA(Val)'!AQ15*AQ$49 -> 0 | AR15: =SUM('OD-APUMA(Val)'!C15:AQ15) -> 124878 | AS15: =MAX('OD-APUMA(Val)'!C15:AQ15) -> 72592 | AT15: =SUM(C15:AQ15)/AR15 -> 0.41304557 | AU15: =AT15^4 -> 0.029106627
A16: 19 | B16: 347230 | C16: ='OD-APUMA(Val)'!C16*C$49 -> 16.4552 | D16: ='OD-APUMA(Val)'!D16*D$49 -> 4.8914957 | E16: ='OD-APUMA(Val)'!E16*E$49 -> 13.545944 | F16: ='OD-APUMA(Val)'!F16*F$49 -> 32.853167 | G16: ='OD-APUMA(Val)'!G16*G$49 -> 0 | H16: ='OD-APUMA(Val)'!H16*H$49 -> 0 | I16: ='OD-APUMA(Val)'!I16*I$49 -> 78 | J16: ='OD-APUMA(Val)'!J16*J$49 -> 0 | ... O16: ='OD-APUMA(Val)'!O16*O$49 -> 4095 | P16: 0 | Q16: ='OD-APUMA(Val)'!Q16*Q$49 -> 29393 | R16: ='OD-APUMA(Val)'!R16*R$49 -> 0 | S16: ='OD-APUMA(Val)'!S16*S$49 -> 0 | T16: ='OD-APUMA(Val)'!T16*T$49 -> 0 | U16: ='OD-APUMA(Val)'!U16*U$49 -> 0 | V16: ='OD-APUMA(Val)'!V16*V$49 -> 3.0980301 | W16: ='OD-APUMA(Val)'!W16*W$49 -> 0 | X16: ='OD-APUMA(Val)'!X16*X$49 -> 170.82049 | ... AQ16: ='OD-APUMA(Val)'!AQ16*AQ$49 -> 0 | AR16: =SUM('OD-APUMA(Val)'!C16:AQ16) -> 385580 | AS16: =MAX('OD-APUMA(Val)'!C16:AQ16) -> 313768 | AT16: =SUM(C16:AQ16)/AR16 -> 0.18145007 | AU16: =AT16^4 -> 0.0010839981
A17: 22 | B17: 313391 | C17: ='OD-APUMA(Val)'!C17*C$49 -> 19.447054 | D17: ='OD-APUMA(Val)'!D17*D$49 -> 0 | E17: ='OD-APUMA(Val)'!E17*E$49 -> 19.190088 | F17: ='OD-APUMA(Val)'!F17*F$49 -> 0 | G17: ='OD-APUMA(Val)'!G17*G$49 -> 51.933078 | H17: ='OD-APUMA(Val)'!H17*H$49 -> 0 | I17: ='OD-APUMA(Val)'!I17*I$49 -> 0 | J17: ='OD-APUMA(Val)'!J17*J$49 -> 0 | ... P17: ='OD-APUMA(Val)'!P17*P$49 -> 80925 | Q17: 0 | R17: ='OD-APUMA(Val)'!R17*R$49 -> 0 | S17: ='OD-APUMA(Val)'!S17*S$49 -> 0 | T17: ='OD-APUMA(Val)'!T17*T$49 -> 0 | U17: ='OD-APUMA(Val)'!U17*U$49 -> 0 | V17: ='OD-APUMA(Val)'!V17*V$49 -> 0 | W17: ='OD-APUMA(Val)'!W17*W$49 -> 0 | X17: ='OD-APUMA(Val)'!X17*X$49 -> 185.67445 | Y17: ='OD-APUMA(Val)'!Y17*Y$49 -> 0 | ... AQ17: ='OD-APUMA(Val)'!AQ17*AQ$49 -> 0 | AR17: =SUM('OD-APUMA(Val)'!C17:AQ17) -> 350818 | AS17: =MAX('OD-APUMA(Val)'!C17:AQ17) -> 203580 | AT17: =SUM(C17:AQ17)/AR17 -> 0.41584682 | AU17: =AT17^4 -> 0.029904293
A18: 26 | B18: 95186 | C18: ='OD-APUMA(Val)'!C18*C$49 -> 0 | D18: ='OD-APUMA(Val)'!D18*D$49 -> 0 | E18: ='OD-APUMA(Val)'!E18*E$49 -> 2.2576574 | F18: ='OD-APUMA(Val)'!F18*F$49 -> 0 | G18: ='OD-APUMA(Val)'!G18*G$49 -> 59.35209 | H18: ='OD-APUMA(Val)'!H18*H$49 -> 0 | I18: ='OD-APUMA(Val)'!I18*I$49 -> 0 | J18: ='OD-APUMA(Val)'!J18*J$49 -> 0 | ... Q18: ='OD-APUMA(Val)'!Q18*Q$49 -> 299 | R18: 0 | S18: ='OD-APUMA(Val)'!S18*S$49 -> 98.384968 | T18: ='OD-APUMA(Val)'!T18*T$49 -> 7.2130677 | U18: ='OD-APUMA(Val)'!U18*U$49 -> 0 | V18: ='OD-APUMA(Val)'!V18*V$49 -> 0 | W18: ='OD-APUMA(Val)'!W18*W$49 -> 0 | X18: ='OD-APUMA(Val)'!X18*X$49 -> 0 | Y18: ='OD-APUMA(Val)'!Y18*Y$49 -> 0 | Z18: ='OD-APUMA(Val)'!Z18*Z$49 -> 0 | ... AQ18: ='OD-APUMA(Val)'!AQ18*AQ$49 -> 0 | AR18: =SUM('OD-APUMA(Val)'!C18:AQ18) -> 59358 | AS18: =MAX('OD-APUMA(Val)'!C18:AQ18) -> 49543 | AT18: =SUM(C18:AQ18)/AR18 -> 0.1446425 | AU18: =AT18^4 -> 0.00043770715
A19: 27 | B19: 78299 | C19: ='OD-APUMA(Val)'!C19*C$49 -> 0 | D19: ='OD-APUMA(Val)'!D19*D$49 -> 0 | E19: ='OD-APUMA(Val)'!E19*E$49 -> 0 | F19: ='OD-APUMA(Val)'!F19*F$49 -> 0 | G19: ='OD-APUMA(Val)'!G19*G$49 -> 0 | H19: ='OD-APUMA(Val)'!H19*H$49 -> 0 | I19: ='OD-APUMA(Val)'!I19*I$49 -> 0 | J19: ='OD-APUMA(Val)'!J19*J$49 -> 0 | ... R19: ='OD-APUMA(Val)'!R19*R$49 -> 266.60383 | S19: 0 | T19: ='OD-APUMA(Val)'!T19*T$49 -> 61.311075 | U19: ='OD-APUMA(Val)'!U19*U$49 -> 20.230573 | V19: ='OD-APUMA(Val)'!V19*V$49 -> 2.3235226 | W19: ='OD-APUMA(Val)'!W19*W$49 -> 1.8924933 | X19: ='OD-APUMA(Val)'!X19*X$49 -> 200.5284 | Y19: ='OD-APUMA(Val)'!Y19*Y$49 -> 0.017697328 | Z19: ='OD-APUMA(Val)'!Z19*Z$49 -> 0 | AA19: ='OD-APUMA(Val)'!AA19*AA$49 -> 91 | ... AQ19: ='OD-APUMA(Val)'!AQ19*AQ$49 -> 0 | AR19: =SUM('OD-APUMA(Val)'!C19:AQ19) -> 50674 | AS19: =MAX('OD-APUMA(Val)'!C19:AQ19) -> 34346 | AT19: =SUM(C19:AQ19)/AR19 -> 0.11217575 | AU19: =AT19^4 -> 0.00015834193
A20: 30 | B20: 108225 | C20: ='OD-APUMA(Val)'!C20*C$49 -> 0 | D20: ='OD-APUMA(Val)'!D20*D$49 -> 0 | E20: ='OD-APUMA(Val)'!E20*E$49 -> 0 | F20: ='OD-APUMA(Val)'!F20*F$49 -> 0 | G20: ='OD-APUMA(Val)'!G20*G$49 -> 0 | H20: ='OD-APUMA(Val)'!H20*H$49 -> 0 | I20: ='OD-APUMA(Val)'!I20*I$49 -> 0 | J20: ='OD-APUMA(Val)'!J20*J$49 -> 0 | ... S20: ='OD-APUMA(Val)'!S20*S$49 -> 238.58355 | T20: 0 | U20: ='OD-APUMA(Val)'!U20*U$49 -> 25.288216 | V20: ='OD-APUMA(Val)'!V20*V$49 -> 0 | W20: ='OD-APUMA(Val)'!W20*W$49 -> 0 | X20: ='OD-APUMA(Val)'!X20*X$49 -> 0 | Y20: ='OD-APUMA(Val)'!Y20*Y$49 -> 0 | Z20: ='OD-APUMA(Val)'!Z20*Z$49 -> 0 | AA20: ='OD-APUMA(Val)'!AA20*AA$49 -> 52 | AB20: ='OD-APUMA(Val)'!AB20*AB$49 -> 0 | ... AQ20: ='OD-APUMA(Val)'!AQ20*AQ$49 -> 0 | AR20: =SUM('OD-APUMA(Val)'!C20:AQ20) -> 68432 | AS20: =MAX('OD-APUMA(Val)'!C20:AQ20) -> 59956 | AT20: =SUM(C20:AQ20)/AR20 -> 0.098317828 | AU20: =AT20^4 -> 9.3439197e-05
A21: 31 | B21: 63609 | C21: ='OD-APUMA(Val)'!C21*C$49 -> 0 | D21: ='OD-APUMA(Val)'!D21*D$49 -> 0 | E21: ='OD-APUMA(Val)'!E21*E$49 -> 0 | F21: ='OD-APUMA(Val)'!F21*F$49 -> 0 | G21: ='OD-APUMA(Val)'!G21*G$49 -> 0 | H21: ='OD-APUMA(Val)'!H21*H$49 -> 0 | I21: ='OD-APUMA(Val)'!I21*I$49 -> 0 | J21: ='OD-APUMA(Val)'!J21*J$49 -> 0 | ... T21: ='OD-APUMA(Val)'!T21*T$49 -> 0 | U21: 0 | V21: ='OD-APUMA(Val)'!V21*V$49 -> 3.4852838 | W21: ='OD-APUMA(Val)'!W21*W$49 -> 20.628177 | X21: ='OD-APUMA(Val)'!X21*X$49 -> 0 | Y21: ='OD-APUMA(Val)'!Y21*Y$49 -> 0 | Z21: ='OD-APUMA(Val)'!Z21*Z$49 -> 22.587457 | AA21: ='OD-APUMA(Val)'!AA21*AA$49 -> 169 | AB21: ='OD-APUMA(Val)'!AB21*AB$49 -> 0 | AC21: ='OD-APUMA(Val)'!AC21*AC$49 -> 70.382722 | ... AQ21: ='OD-APUMA(Val)'!AQ21*AQ$49 -> 0 | AR21: =SUM('OD-APUMA(Val)'!C21:AQ21) -> 35698 | AS21: =MAX('OD-APUMA(Val)'!C21:AQ21) -> 30563 | AT21: =SUM(C21:AQ21)/AR21 -> 0.011356037 | AU21: =AT21^4 -> 1.6630573e-08
A22: 32 | B22: 187317 | C22: ='OD-APUMA(Val)'!C22*C$49 -> 0 | D22: ='OD-APUMA(Val)'!D22*D$49 -> 0 | E22: ='OD-APUMA(Val)'!E22*E$49 -> 5.6441435 | F22: ='OD-APUMA(Val)'!F22*F$49 -> 0 | G22: ='OD-APUMA(Val)'!G22*G$49 -> 0 | H22: ='OD-APUMA(Val)'!H22*H$49 -> 0 | I22: ='OD-APUMA(Val)'!I22*I$49 -> 0 | J22: ='OD-APUMA(Val)'!J22*J$49 -> 0 | ... U22: ='OD-APUMA(Val)'!U22*U$49 -> 0 | V22: 0 | W22: ='OD-APUMA(Val)'!W22*W$49 -> 0 | X22: ='OD-APUMA(Val)'!X22*X$49 -> 0 | Y22: ='OD-APUMA(Val)'!Y22*Y$49 -> 0 | Z22: ='OD-APUMA(Val)'!Z22*Z$49 -> 227.61207 | AA22: ='OD-APUMA(Val)'!AA22*AA$49 -> 156 | AB22: ='OD-APUMA(Val)'!AB22*AB$49 -> 0 | AC22: ='OD-APUMA(Val)'!AC22*AC$49 -> 4.0534552 | AD22: ='OD-APUMA(Val)'!AD22*AD$49 -> 0 | ... AQ22: ='OD-APUMA(Val)'!AQ22*AQ$49 -> 217.85818 | AR22: =SUM('OD-APUMA(Val)'!C22:AQ22) -> 180141 | AS22: =MAX('OD-APUMA(Val)'!C22:AQ22) -> 169559 | AT22: =SUM(C22:AQ22)/AR22 -> 0.007963296 | AU22: =AT22^4 -> 4.021346e-09
A23: 75 | B23: 192426 | C23: ='OD-APUMA(Val)'!C23*C$49 -> 0 | D23: ='OD-APUMA(Val)'!D23*D$49 -> 6.5219943 | E23: ='OD-APUMA(Val)'!E23*E$49 -> 0 | F23: ='OD-APUMA(Val)'!F23*F$49 -> 0 | G23: ='OD-APUMA(Val)'!G23*G$49 -> 0 | H23: ='OD-APUMA(Val)'!H23*H$49 -> 0 | I23: ='OD-APUMA(Val)'!I23*I$49 -> 0 | J23: ='OD-APUMA(Val)'!J23*J$49 -> 0 | ... V23: ='OD-APUMA(Val)'!V23*V$49 -> 0 | W23: 0 | X23: ='OD-APUMA(Val)'!X23*X$49 -> 0 | Y23: ='OD-APUMA(Val)'!Y23*Y$49 -> 0 | Z23: ='OD-APUMA(Val)'!Z23*Z$49 -> 2.8958278 | AA23: ='OD-APUMA(Val)'!AA23*AA$49 -> 0 | AB23: ='OD-APUMA(Val)'!AB23*AB$49 -> 91 | AC23: ='OD-APUMA(Val)'!AC23*AC$49 -> 159.55874 | AD23: ='OD-APUMA(Val)'!AD23*AD$49 -> 76.004663 | AE23: ='OD-APUMA(Val)'!AE23*AE$49 -> 44.271202 | ... AQ23: ='OD-APUMA(Val)'!AQ23*AQ$49 -> 0 | AR23: =SUM('OD-APUMA(Val)'!C23:AQ23) -> 118170 | AS23: =MAX('OD-APUMA(Val)'!C23:AQ23) -> 106184 | AT23: =SUM(C23:AQ23)/AR23 -> 0.0088278661 | AU23: =AT23^4 -> 6.073275e-09
A24: 76 | B24: 116324 | C24: ='OD-APUMA(Val)'!C24*C$49 -> 0 | D24: ='OD-APUMA(Val)'!D24*D$49 -> 0 | E24: ='OD-APUMA(Val)'!E24*E$49 -> 0 | F24: ='OD-APUMA(Val)'!F24*F$49 -> 25.813203 | G24: ='OD-APUMA(Val)'!G24*G$49 -> 0 | H24: ='OD-APUMA(Val)'!H24*H$49 -> 0 | I24: ='OD-APUMA(Val)'!I24*I$49 -> 0 | J24: ='OD-APUMA(Val)'!J24*J$49 -> 0 | ... W24: ='OD-APUMA(Val)'!W24*W$49 -> 0 | X24: 0 | Y24: ='OD-APUMA(Val)'!Y24*Y$49 -> 0 | Z24: ='OD-APUMA(Val)'!Z24*Z$49 -> 0 | AA24: ='OD-APUMA(Val)'!AA24*AA$49 -> 871 | AB24: ='OD-APUMA(Val)'!AB24*AB$49 -> 182 | AC24: ='OD-APUMA(Val)'!AC24*AC$49 -> 1.4739837 | AD24: ='OD-APUMA(Val)'!AD24*AD$49 -> 7.9014749 | AE24: ='OD-APUMA(Val)'!AE24*AE$49 -> 22.135601 | AF24: ='OD-APUMA(Val)'!AF24*AF$49 -> 92.950698 | ... AQ24: ='OD-APUMA(Val)'!AQ24*AQ$49 -> 9.8387564 | AR24: =SUM('OD-APUMA(Val)'!C24:AQ24) -> 112996 | AS24: =MAX('OD-APUMA(Val)'!C24:AQ24) -> 88868 | AT24: =SUM(C24:AQ24)/AR24 -> 0.16714566 | AU24: =AT24^4 -> 0.00078051345
A25: 77 | B25: 73463 | C25: ='OD-APUMA(Val)'!C25*C$49 -> 0 | D25: ='OD-APUMA(Val)'!D25*D$49 -> 0 | E25: ='OD-APUMA(Val)'!E25*E$49 -> 0 | F25: ='OD-APUMA(Val)'!F25*F$49 -> 68.05299 | G25: ='OD-APUMA(Val)'!G25*G$49 -> 0 | H25: ='OD-APUMA(Val)'!H25*H$49 -> 0 | I25: ='OD-APUMA(Val)'!I25*I$49 -> 0 | J25: ='OD-APUMA(Val)'!J25*J$49 -> 0 | ... X25: ='OD-APUMA(Val)'!X25*X$49 -> 0 | Y25: 0 | Z25: ='OD-APUMA(Val)'!Z25*Z$49 -> 0 | AA25: ='OD-APUMA(Val)'!AA25*AA$49 -> 78 | AB25: ='OD-APUMA(Val)'!AB25*AB$49 -> 0 | AC25: ='OD-APUMA(Val)'!AC25*AC$49 -> 0 | AD25: ='OD-APUMA(Val)'!AD25*AD$49 -> 0 | AE25: ='OD-APUMA(Val)'!AE25*AE$49 -> 13.980379 | AF25: ='OD-APUMA(Val)'!AF25*AF$49 -> 0 | AG25: ='OD-APUMA(Val)'!AG25*AG$49 -> 0 | ... AQ25: ='OD-APUMA(Val)'!AQ25*AQ$49 -> 0 | AR25: =SUM('OD-APUMA(Val)'!C25:AQ25) -> 34944 | AS25: =MAX('OD-APUMA(Val)'!C25:AQ25) -> 33397 | AT25: =SUM(C25:AQ25)/AR25 -> 0.013204019 | AU25: =AT25^4 -> 3.0396571e-08
A26: 80 | B26: 118885 | C26: ='OD-APUMA(Val)'!C26*C$49 -> 0 | D26: ='OD-APUMA(Val)'!D26*D$49 -> 15.489737 | E26: ='OD-APUMA(Val)'!E26*E$49 -> 0 | F26: ='OD-APUMA(Val)'!F26*F$49 -> 0 | G26: ='OD-APUMA(Val)'!G26*G$49 -> 0 | H26: ='OD-APUMA(Val)'!H26*H$49 -> 0 | I26: ='OD-APUMA(Val)'!I26*I$49 -> 0 | J26: ='OD-APUMA(Val)'!J26*J$49 -> 0 | ... Y26: ='OD-APUMA(Val)'!Y26*Y$49 -> 0 | Z26: 0 | AA26: ='OD-APUMA(Val)'!AA26*AA$49 -> 0 | AB26: ='OD-APUMA(Val)'!AB26*AB$49 -> 78 | AC26: ='OD-APUMA(Val)'!AC26*AC$49 -> 0 | AD26: ='OD-APUMA(Val)'!AD26*AD$49 -> 7.5252142 | AE26: ='OD-APUMA(Val)'!AE26*AE$49 -> 53.591455 | AF26: ='OD-APUMA(Val)'!AF26*AF$49 -> 2.1870753 | AG26: ='OD-APUMA(Val)'!AG26*AG$49 -> 0 | AH26: ='OD-APUMA(Val)'!AH26*AH$49 -> 0 | ... AQ26: ='OD-APUMA(Val)'!AQ26*AQ$49 -> 33.732879 | AR26: =SUM('OD-APUMA(Val)'!C26:AQ26) -> 91208 | AS26: =MAX('OD-APUMA(Val)'!C26:AQ26) -> 82537 | AT26: =SUM(C26:AQ26)/AR26 -> 0.012549113 | AU26: =AT26^4 -> 2.4800029e-08
A27: 86 | B27: 634894 | C27: ='OD-APUMA(Val)'!C27*C$49 -> 10.471491 | D27: ='OD-APUMA(Val)'!D27*D$49 -> 4.8914957 | E27: ='OD-APUMA(Val)'!E27*E$49 -> 11.288287 | F27: ='OD-APUMA(Val)'!F27*F$49 -> 0 | G27: ='OD-APUMA(Val)'!G27*G$49 -> 0 | H27: ='OD-APUMA(Val)'!H27*H$49 -> 2.5835408 | I27: ='OD-APUMA(Val)'!I27*I$49 -> 0 | J27: ='OD-APUMA(Val)'!J27*J$49 -> 0 | ... Z27: ='OD-APUMA(Val)'!Z27*Z$49 -> 0 | AA27: 0 | AB27: ='OD-APUMA(Val)'!AB27*AB$49 -> 35737 | AC27: ='OD-APUMA(Val)'!AC27*AC$49 -> 1.8424796 | AD27: ='OD-APUMA(Val)'!AD27*AD$49 -> 0 | AE27: ='OD-APUMA(Val)'!AE27*AE$49 -> 158.4443 | AF27: ='OD-APUMA(Val)'!AF27*AF$49 -> 0 | AG27: ='OD-APUMA(Val)'!AG27*AG$49 -> 35.771274 | AH27: ='OD-APUMA(Val)'!AH27*AH$49 -> 0 | AI27: ='OD-APUMA(Val)'!AI27*AI$49 -> 481 | ... AQ27: ='OD-APUMA(Val)'!AQ27*AQ$49 -> 0 | AR27: =SUM('OD-APUMA(Val)'!C27:AQ27) -> 632060 | AS27: =MAX('OD-APUMA(Val)'!C27:AQ27) -> 448058 | AT27: =SUM(C27:AQ27)/AR27 -> 0.28716073 | AU27: =AT27^4 -> 0.0067998634
A28: 87 | B28: 401882 | C28: ='OD-APUMA(Val)'!C28*C$49 -> 31.414472 | D28: ='OD-APUMA(Val)'!D28*D$49 -> 7.3372436 | E28: ='OD-APUMA(Val)'!E28*E$49 -> 0 | F28: ='OD-APUMA(Val)'!F28*F$49 -> 32.853167 | G28: ='OD-APUMA(Val)'!G28*G$49 -> 0 | H28: ='OD-APUMA(Val)'!H28*H$49 -> 2.5835408 | I28: ='OD-APUMA(Val)'!I28*I$49 -> 0 | J28: ='OD-APUMA(Val)'!J28*J$49 -> 0 | ... AA28: ='OD-APUMA(Val)'!AA28*AA$49 -> 83265 | AB28: 0 | AC28: ='OD-APUMA(Val)'!AC28*AC$49 -> 2.9479674 | AD28: ='OD-APUMA(Val)'!AD28*AD$49 -> 0 | AE28: ='OD-APUMA(Val)'!AE28*AE$49 -> 72.231961 | AF28: ='OD-APUMA(Val)'!AF28*AF$49 -> 0 | AG28: ='OD-APUMA(Val)'!AG28*AG$49 -> 28.61702 | AH28: ='OD-APUMA(Val)'!AH28*AH$49 -> 0 | AI28: ='OD-APUMA(Val)'!AI28*AI$49 -> 559 | AJ28: ='OD-APUMA(Val)'!AJ28*AJ$49 -> 47.552595 | ... AQ28: ='OD-APUMA(Val)'!AQ28*AQ$49 -> 0 | AR28: =SUM('OD-APUMA(Val)'!C28:AQ28) -> 401219 | AS28: =MAX('OD-APUMA(Val)'!C28:AQ28) -> 243971 | AT28: =SUM(C28:AQ28)/AR28 -> 0.385172 | AU28: =AT28^4 -> 0.022009939
A29: 88 | B29: 405808 | C29: ='OD-APUMA(Val)'!C29*C$49 -> 0 | D29: ='OD-APUMA(Val)'!D29*D$49 -> 7.3372436 | E29: ='OD-APUMA(Val)'!E29*E$49 -> 0 | F29: ='OD-APUMA(Val)'!F29*F$49 -> 63.35968 | G29: ='OD-APUMA(Val)'!G29*G$49 -> 55.642584 | H29: ='OD-APUMA(Val)'!H29*H$49 -> 3.2881429 | I29: ='OD-APUMA(Val)'!I29*I$49 -> 0 | J29: ='OD-APUMA(Val)'!J29*J$49 -> 74.709909 | ... AB29: ='OD-APUMA(Val)'!AB29*AB$49 -> 169 | AC29: 0 | AD29: ='OD-APUMA(Val)'!AD29*AD$49 -> 3.0100857 | AE29: ='OD-APUMA(Val)'!AE29*AE$49 -> 66.406802 | AF29: ='OD-APUMA(Val)'!AF29*AF$49 -> 10.935376 | AG29: ='OD-APUMA(Val)'!AG29*AG$49 -> 16.097073 | AH29: ='OD-APUMA(Val)'!AH29*AH$49 -> 38.409975 | AI29: ='OD-APUMA(Val)'!AI29*AI$49 -> 143 | AJ29: ='OD-APUMA(Val)'!AJ29*AJ$49 -> 0 | AK29: ='OD-APUMA(Val)'!AK29*AK$49 -> 0 | ... AQ29: ='OD-APUMA(Val)'!AQ29*AQ$49 -> 40.760562 | AR29: =SUM('OD-APUMA(Val)'!C29:AQ29) -> 268060 | AS29: =MAX('OD-APUMA(Val)'!C29:AQ29) -> 250822 | AT29: =SUM(C29:AQ29)/AR29 -> 0.013828496 | AU29: =AT29^4 -> 3.6567879e-08
A30: 89 | B30: 320827 | C30: ='OD-APUMA(Val)'!C30*C$49 -> 11.967418 | D30: ='OD-APUMA(Val)'!D30*D$49 -> 0 | E30: ='OD-APUMA(Val)'!E30*E$49 -> 0 | F30: ='OD-APUMA(Val)'!F30*F$49 -> 32.853167 | G30: ='OD-APUMA(Val)'!G30*G$49 -> 0 | H30: ='OD-APUMA(Val)'!H30*H$49 -> 0 | I30: ='OD-APUMA(Val)'!I30*I$49 -> 0 | J30: ='OD-APUMA(Val)'!J30*J$49 -> 0 | ... AC30: ='OD-APUMA(Val)'!AC30*AC$49 -> 4.4219511 | AD30: 0 | AE30: ='OD-APUMA(Val)'!AE30*AE$49 -> 682.70853 | AF30: ='OD-APUMA(Val)'!AF30*AF$49 -> 4.3741505 | AG30: ='OD-APUMA(Val)'!AG30*AG$49 -> 23.251328 | AH30: ='OD-APUMA(Val)'!AH30*AH$49 -> 26.886983 | AI30: ='OD-APUMA(Val)'!AI30*AI$49 -> 0 | AJ30: ='OD-APUMA(Val)'!AJ30*AJ$49 -> 468.21017 | AK30: ='OD-APUMA(Val)'!AK30*AK$49 -> 0 | AL30: ='OD-APUMA(Val)'!AL30*AL$49 -> 91 | ... AQ30: ='OD-APUMA(Val)'!AQ30*AQ$49 -> 22.488586 | AR30: =SUM('OD-APUMA(Val)'!C30:AQ30) -> 221559 | AS30: =MAX('OD-APUMA(Val)'!C30:AQ30) -> 207935 | AT30: =SUM(C30:AQ30)/AR30 -> 0.0087165755 | AU30: =AT30^4 -> 5.772761e-09
A31: 90 | B31: 4714869 | C31: ='OD-APUMA(Val)'!C31*C$49 -> 181.0072 | D31: ='OD-APUMA(Val)'!D31*D$49 -> 158.97361 | E31: ='OD-APUMA(Val)'!E31*E$49 -> 93.692782 | F31: ='OD-APUMA(Val)'!F31*F$49 -> 96.212847 | G31: ='OD-APUMA(Val)'!G31*G$49 -> 89.028134 | H31: ='OD-APUMA(Val)'!H31*H$49 -> 4.9322143 | I31: ='OD-APUMA(Val)'!I31*I$49 -> 273 | J31: ='OD-APUMA(Val)'!J31*J$49 -> 298.83964 | ... AD31: ='OD-APUMA(Val)'!AD31*AD$49 -> 275.04658 | AE31: 0 | AF31: ='OD-APUMA(Val)'!AF31*AF$49 -> 16.676449 | AG31: ='OD-APUMA(Val)'!AG31*AG$49 -> 18792.439 | AH31: ='OD-APUMA(Val)'!AH31*AH$49 -> 1955.0677 | AI31: ='OD-APUMA(Val)'!AI31*AI$49 -> 468 | AJ31: ='OD-APUMA(Val)'!AJ31*AJ$49 -> 9097.1773 | AK31: ='OD-APUMA(Val)'!AK31*AK$49 -> 0 | AL31: ='OD-APUMA(Val)'!AL31*AL$49 -> 156 | AM31: ='OD-APUMA(Val)'!AM31*AM$49 -> 520 | ... AQ31: ='OD-APUMA(Val)'!AQ31*AQ$49 -> 2357.0849 | AR31: =SUM('OD-APUMA(Val)'!C31:AQ31) -> 4091568 | AS31: =MAX('OD-APUMA(Val)'!C31:AQ31) -> 3859648 | AT31: =SUM(C31:AQ31)/AR31 -> 0.010761124 | AU31: =AT31^4 -> 1.3410054e-08
A32: 91 | B32: 195273 | C32: ='OD-APUMA(Val)'!C32*C$49 -> 10.471491 | D32: ='OD-APUMA(Val)'!D32*D$49 -> 0 | E32: ='OD-APUMA(Val)'!E32*E$49 -> 11.288287 | F32: ='OD-APUMA(Val)'!F32*F$49 -> 14.079929 | G32: ='OD-APUMA(Val)'!G32*G$49 -> 0 | H32: ='OD-APUMA(Val)'!H32*H$49 -> 0 | I32: ='OD-APUMA(Val)'!I32*I$49 -> 0 | J32: ='OD-APUMA(Val)'!J32*J$49 -> 106.72844 | ... AE32: ='OD-APUMA(Val)'!AE32*AE$49 -> 23.300632 | AF32: 0 | AG32: ='OD-APUMA(Val)'!AG32*AG$49 -> 0 | AH32: ='OD-APUMA(Val)'!AH32*AH$49 -> 0 | AI32: ='OD-APUMA(Val)'!AI32*AI$49 -> 0 | AJ32: ='OD-APUMA(Val)'!AJ32*AJ$49 -> 40.236812 | AK32: ='OD-APUMA(Val)'!AK32*AK$49 -> 0 | AL32: ='OD-APUMA(Val)'!AL32*AL$49 -> 0 | AM32: ='OD-APUMA(Val)'!AM32*AM$49 -> 2275 | AN32: ='OD-APUMA(Val)'!AN32*AN$49 -> 0 | ... AQ32: ='OD-APUMA(Val)'!AQ32*AQ$49 -> 15.460903 | AR32: =SUM('OD-APUMA(Val)'!C32:AQ32) -> 164359 | AS32: =MAX('OD-APUMA(Val)'!C32:AQ32) -> 152750 | AT32: =SUM(C32:AQ32)/AR32 -> 0.042450909 | AU32: =AT32^4 -> 3.247491e-06
A33: 92 | B33: 1138865 | C33: ='OD-APUMA(Val)'!C33*C$49 -> 44.877817 | D33: ='OD-APUMA(Val)'!D33*D$49 -> 6.5219943 | E33: ='OD-APUMA(Val)'!E33*E$49 -> 31.607204 | F33: ='OD-APUMA(Val)'!F33*F$49 -> 32.853167 | G33: ='OD-APUMA(Val)'!G33*G$49 -> 18.547528 | H33: ='OD-APUMA(Val)'!H33*H$49 -> 1.4092041 | I33: ='OD-APUMA(Val)'!I33*I$49 -> 78 | J33: ='OD-APUMA(Val)'!J33*J$49 -> 0 | ... AF33: ='OD-APUMA(Val)'!AF33*AF$49 -> 0 | AG33: 0 | AH33: ='OD-APUMA(Val)'!AH33*AH$49 -> 2711.7443 | AI33: ='OD-APUMA(Val)'!AI33*AI$49 -> 143 | AJ33: ='OD-APUMA(Val)'!AJ33*AJ$49 -> 2681.2348 | AK33: ='OD-APUMA(Val)'!AK33*AK$49 -> 0 | AL33: ='OD-APUMA(Val)'!AL33*AL$49 -> 78 | AM33: ='OD-APUMA(Val)'!AM33*AM$49 -> 416 | AN33: ='OD-APUMA(Val)'!AN33*AN$49 -> 0 | AO33: ='OD-APUMA(Val)'!AO33*AO$49 -> 78 | ... AQ33: ='OD-APUMA(Val)'!AQ33*AQ$49 -> 50.599319 | AR33: =SUM('OD-APUMA(Val)'!C33:AQ33) -> 1278199 | AS33: =MAX('OD-APUMA(Val)'!C33:AQ33) -> 1047085 | AT33: =SUM(C33:AQ33)/AR33 -> 0.021061677 | AU33: =AT33^4 -> 1.9677584e-07
A34: 93 | B34: 687843 | C34: ='OD-APUMA(Val)'!C34*C$49 -> 41.885963 | D34: ='OD-APUMA(Val)'!D34*D$49 -> 22.011731 | E34: ='OD-APUMA(Val)'!E34*E$49 -> 22.576574 | F34: ='OD-APUMA(Val)'!F34*F$49 -> 7.0399644 | G34: ='OD-APUMA(Val)'!G34*G$49 -> 0 | H34: ='OD-APUMA(Val)'!H34*H$49 -> 2.1138061 | I34: ='OD-APUMA(Val)'!I34*I$49 -> 104 | J34: ='OD-APUMA(Val)'!J34*J$49 -> 0 | ... AG34: ='OD-APUMA(Val)'!AG34*AG$49 -> 6717.8453 | AH34: 0 | AI34: ='OD-APUMA(Val)'!AI34*AI$49 -> 104 | AJ34: ='OD-APUMA(Val)'!AJ34*AJ$49 -> 11493.097 | AK34: ='OD-APUMA(Val)'!AK34*AK$49 -> 0 | AL34: ='OD-APUMA(Val)'!AL34*AL$49 -> 0 | AM34: ='OD-APUMA(Val)'!AM34*AM$49 -> 0 | AN34: ='OD-APUMA(Val)'!AN34*AN$49 -> 0 | AO34: ='OD-APUMA(Val)'!AO34*AO$49 -> 0 | AP34: ='OD-APUMA(Val)'!AP34*AP$49 -> 0 | AQ34: ='OD-APUMA(Val)'!AQ34*AQ$49 -> 12.64983 | AR34: =SUM('OD-APUMA(Val)'!C34:AQ34) -> 482651 | AS34: =MAX('OD-APUMA(Val)'!C34:AQ34) -> 345176 | AT34: =SUM(C34:AQ34)/AR34 -> 0.047193476 | AU34: =AT34^4 -> 4.9605275e-06
A35: 94 | B35: 559078 | C35: ='OD-APUMA(Val)'!C35*C$49 -> 44.877817 | D35: ='OD-APUMA(Val)'!D35*D$49 -> 30.164224 | E35: ='OD-APUMA(Val)'!E35*E$49 -> 10.159458 | F35: ='OD-APUMA(Val)'!F35*F$49 -> 18.773238 | G35: ='OD-APUMA(Val)'!G35*G$49 -> 81.609123 | H35: ='OD-APUMA(Val)'!H35*H$49 -> 3.0532755 | I35: ='OD-APUMA(Val)'!I35*I$49 -> 403 | J35: ='OD-APUMA(Val)'!J35*J$49 -> 352.20386 | ... AH35: ='OD-APUMA(Val)'!AH35*AH$49 -> 0 | AI35: 0 | AJ35: ='OD-APUMA(Val)'!AJ35*AJ$49 -> 36.57892 | AK35: ='OD-APUMA(Val)'!AK35*AK$49 -> 0 | AL35: ='OD-APUMA(Val)'!AL35*AL$49 -> 6344 | AM35: ='OD-APUMA(Val)'!AM35*AM$49 -> 1222 | AN35: ='OD-APUMA(Val)'!AN35*AN$49 -> 2327 | AO35: ='OD-APUMA(Val)'!AO35*AO$49 -> 0 | AP35: ='OD-APUMA(Val)'!AP35*AP$49 -> 182 | AQ35: ='OD-APUMA(Val)'!AQ35*AQ$49 -> 0 | AR35: =SUM('OD-APUMA(Val)'!C35:AQ35) -> 482352 | AS35: =MAX('OD-APUMA(Val)'!C35:AQ35) -> 424983 | AT35: =SUM(C35:AQ35)/AR35 -> 0.11200514 | AU35: =AT35^4 -> 0.00015738085
A36: 95 | B36: 822029 | C36: ='OD-APUMA(Val)'!C36*C$49 -> 44.877817 | D36: ='OD-APUMA(Val)'!D36*D$49 -> 42.392963 | E36: ='OD-APUMA(Val)'!E36*E$49 -> 47.410805 | F36: ='OD-APUMA(Val)'!F36*F$49 -> 37.546477 | G36: ='OD-APUMA(Val)'!G36*G$49 -> 0 | H36: ='OD-APUMA(Val)'!H36*H$49 -> 0 | I36: ='OD-APUMA(Val)'!I36*I$49 -> 0 | J36: ='OD-APUMA(Val)'!J36*J$49 -> 0 | ... AI36: ='OD-APUMA(Val)'!AI36*AI$49 -> 0 | AJ36: 0 | AK36: ='OD-APUMA(Val)'!AK36*AK$49 -> 0 | AL36: ='OD-APUMA(Val)'!AL36*AL$49 -> 130 | AM36: ='OD-APUMA(Val)'!AM36*AM$49 -> 221 | AN36: ='OD-APUMA(Val)'!AN36*AN$49 -> 0 | AO36: ='OD-APUMA(Val)'!AO36*AO$49 -> 117 | AP36: ='OD-APUMA(Val)'!AP36*AP$49 -> 65 | AQ36: ='OD-APUMA(Val)'!AQ36*AQ$49 -> 35.138416 | AR36: =SUM('OD-APUMA(Val)'!C36:AQ36) -> 607932 | AS36: =MAX('OD-APUMA(Val)'!C36:AQ36) -> 414232 | AT36: =SUM(C36:AQ36)/AR36 -> 0.045396496 | AU36: =AT36^4 -> 4.2470691e-06
A37: 96 | B37: 1264757 | C37: ='OD-APUMA(Val)'!C37*C$49 -> 65.820799 | D37: ='OD-APUMA(Val)'!D37*D$49 -> 10.598241 | E37: ='OD-APUMA(Val)'!E37*E$49 -> 11.288287 | F37: ='OD-APUMA(Val)'!F37*F$49 -> 70.399644 | G37: ='OD-APUMA(Val)'!G37*G$49 -> 22.257034 | H37: ='OD-APUMA(Val)'!H37*H$49 -> 2.3486735 | I37: ='OD-APUMA(Val)'!I37*I$49 -> 208 | J37: ='OD-APUMA(Val)'!J37*J$49 -> 213.45688 | ... AJ37: ='OD-APUMA(Val)'!AJ37*AJ$49 -> 409.6839 | AK37: 0 | AL37: ='OD-APUMA(Val)'!AL37*AL$49 -> 169 | AM37: ='OD-APUMA(Val)'!AM37*AM$49 -> 403 | AN37: ='OD-APUMA(Val)'!AN37*AN$49 -> 65 | AO37: ='OD-APUMA(Val)'!AO37*AO$49 -> 91 | AP37: ='OD-APUMA(Val)'!AP37*AP$49 -> 234 | AQ37: ='OD-APUMA(Val)'!AQ37*AQ$49 -> 46.382709 | AR37: =SUM('OD-APUMA(Val)'!C37:AQ37) -> 1221532 | AS37: =MAX('OD-APUMA(Val)'!C37:AQ37) -> 1184040 | AT37: =SUM(C37:AQ37)/AR37 -> 0.0089835969 | AU37: =AT37^4 -> 6.5132991e-09
A38: 97 | B38: 154115 | C38: ='OD-APUMA(Val)'!C38*C$49 -> 0 | D38: ='OD-APUMA(Val)'!D38*D$49 -> 0 | E38: ='OD-APUMA(Val)'!E38*E$49 -> 0 | F38: ='OD-APUMA(Val)'!F38*F$49 -> 0 | G38: ='OD-APUMA(Val)'!G38*G$49 -> 0 | H38: ='OD-APUMA(Val)'!H38*H$49 -> 0 | I38: ='OD-APUMA(Val)'!I38*I$49 -> 0 | J38: ='OD-APUMA(Val)'!J38*J$49 -> 0 | ... AK38: ='OD-APUMA(Val)'!AK38*AK$49 -> 0 | AL38: 0 | AM38: ='OD-APUMA(Val)'!AM38*AM$49 -> 3159 | AN38: ='OD-APUMA(Val)'!AN38*AN$49 -> 234 | AO38: ='OD-APUMA(Val)'!AO38*AO$49 -> 0 | AP38: ='OD-APUMA(Val)'!AP38*AP$49 -> 4927 | AQ38: ='OD-APUMA(Val)'!AQ38*AQ$49 -> 0 | AR38: =SUM('OD-APUMA(Val)'!C38:AQ38) -> 109590 | AS38: =MAX('OD-APUMA(Val)'!C38:AQ38) -> 85462 | AT38: =SUM(C38:AQ38)/AR38 -> 0.2171452 | AU38: =AT38^4 -> 0.0022233146
A39: 98 | B39: 686517 | C39: ='OD-APUMA(Val)'!C39*C$49 -> 10.471491 | D39: ='OD-APUMA(Val)'!D39*D$49 -> 8.9677422 | E39: ='OD-APUMA(Val)'!E39*E$49 -> 20.318917 | F39: ='OD-APUMA(Val)'!F39*F$49 -> 32.853167 | G39: ='OD-APUMA(Val)'!G39*G$49 -> 0 | H39: ='OD-APUMA(Val)'!H39*H$49 -> 0 | I39: ='OD-APUMA(Val)'!I39*I$49 -> 0 | J39: ='OD-APUMA(Val)'!J39*J$49 -> 0 | ... AL39: ='OD-APUMA(Val)'!AL39*AL$49 -> 780 | AM39: 0 | AN39: ='OD-APUMA(Val)'!AN39*AN$49 -> 403 | AO39: ='OD-APUMA(Val)'!AO39*AO$49 -> 273 | AP39: ='OD-APUMA(Val)'!AP39*AP$49 -> 156 | AQ39: ='OD-APUMA(Val)'!AQ39*AQ$49 -> 14.055366 | AR39: =SUM('OD-APUMA(Val)'!C39:AQ39) -> 804063 | AS39: =MAX('OD-APUMA(Val)'!C39:AQ39) -> 714948 | AT39: =SUM(C39:AQ39)/AR39 -> 0.10329148 | AU39: =AT39^4 -> 0.00011383033
A40: 99 | B40: 183391 | C40: ='OD-APUMA(Val)'!C40*C$49 -> 14.959272 | D40: ='OD-APUMA(Val)'!D40*D$49 -> 0 | E40: ='OD-APUMA(Val)'!E40*E$49 -> 0 | F40: ='OD-APUMA(Val)'!F40*F$49 -> 0 | G40: ='OD-APUMA(Val)'!G40*G$49 -> 0 | H40: ='OD-APUMA(Val)'!H40*H$49 -> 0 | I40: ='OD-APUMA(Val)'!I40*I$49 -> 0 | J40: ='OD-APUMA(Val)'!J40*J$49 -> 85.382754 | ... AM40: ='OD-APUMA(Val)'!AM40*AM$49 -> 936 | AN40: 0 | AO40: ='OD-APUMA(Val)'!AO40*AO$49 -> 1118 | AP40: ='OD-APUMA(Val)'!AP40*AP$49 -> 91 | AQ40: ='OD-APUMA(Val)'!AQ40*AQ$49 -> 0 | AR40: =SUM('OD-APUMA(Val)'!C40:AQ40) -> 158938 | AS40: =MAX('OD-APUMA(Val)'!C40:AQ40) -> 99255 | AT40: =SUM(C40:AQ40)/AR40 -> 0.37156023 | AU40: =AT40^4 -> 0.019059737
A41: 100 | B41: 195936 | C41: ='OD-APUMA(Val)'!C41*C$49 -> 17.951127 | D41: ='OD-APUMA(Val)'!D41*D$49 -> 5.706745 | E41: ='OD-APUMA(Val)'!E41*E$49 -> 11.288287 | F41: ='OD-APUMA(Val)'!F41*F$49 -> 107.94612 | G41: ='OD-APUMA(Val)'!G41*G$49 -> 0 | H41: ='OD-APUMA(Val)'!H41*H$49 -> 0 | I41: ='OD-APUMA(Val)'!I41*I$49 -> 0 | J41: ='OD-APUMA(Val)'!J41*J$49 -> 0 | ... AN41: ='OD-APUMA(Val)'!AN41*AN$49 -> 1768 | AO41: 0 | AP41: ='OD-APUMA(Val)'!AP41*AP$49 -> 0 | AQ41: ='OD-APUMA(Val)'!AQ41*AQ$49 -> 0 | AR41: =SUM('OD-APUMA(Val)'!C41:AQ41) -> 182702 | AS41: =MAX('OD-APUMA(Val)'!C41:AQ41) -> 146120 | AT41: =SUM(C41:AQ41)/AR41 -> 0.19242448 | AU41: =AT41^4 -> 0.001371012
A42: 101 | B42: 219609 | C42: ='OD-APUMA(Val)'!C42*C$49 -> 23.934836 | D42: ='OD-APUMA(Val)'!D42*D$49 -> 0 | E42: ='OD-APUMA(Val)'!E42*E$49 -> 0 | F42: ='OD-APUMA(Val)'!F42*F$49 -> 0 | G42: ='OD-APUMA(Val)'!G42*G$49 -> 0 | H42: ='OD-APUMA(Val)'!H42*H$49 -> 0 | I42: ='OD-APUMA(Val)'!I42*I$49 -> 0 | J42: ='OD-APUMA(Val)'!J42*J$49 -> 0 | ... AO42: ='OD-APUMA(Val)'!AO42*AO$49 -> 0 | AP42: 0 | AQ42: ='OD-APUMA(Val)'!AQ42*AQ$49 -> 0 | AR42: =SUM('OD-APUMA(Val)'!C42:AQ42) -> 143481 | AS42: =MAX('OD-APUMA(Val)'!C42:AQ42) -> 119210 | AT42: =SUM(C42:AQ42)/AR42 -> 0.13859844 | AU42: =AT42^4 -> 0.00036900596
A43: 103 | B43: 331552 | C43: ='OD-APUMA(Val)'!C43*C$49 -> 7.4796362 | D43: ='OD-APUMA(Val)'!D43*D$49 -> 7.3372436 | E43: ='OD-APUMA(Val)'!E43*E$49 -> 4.5153148 | F43: ='OD-APUMA(Val)'!F43*F$49 -> 21.119893 | G43: ='OD-APUMA(Val)'!G43*G$49 -> 0 | H43: ='OD-APUMA(Val)'!H43*H$49 -> 1.8789388 | I43: ='OD-APUMA(Val)'!I43*I$49 -> 0 | J43: ='OD-APUMA(Val)'!J43*J$49 -> 0 | ... AP43: ='OD-APUMA(Val)'!AP43*AP$49 -> 0 | AQ43: 0 | AR43: =SUM('OD-APUMA(Val)'!C43:AQ43) -> 335556 | AS43: =MAX('OD-APUMA(Val)'!C43:AQ43) -> 249158 | AT43: =SUM(C43:AQ43)/AR43 -> 0.029465561 | AU43: =AT43^4 -> 7.5380477e-07
A44: Grand Total | B44: 15631931 | C44: =SUM(C3:C43) -> 774.89031 | D44: =SUM(D3:D43) -> 402.73315 | E44: =SUM(E3:E43) -> 732.60983 | F44: =SUM(F3:F43) -> 1175.6741 | G44: =SUM(G3:G43) -> 3123.4037 | H44: =SUM(H3:H43) -> 70.225337 | I44: =SUM(I3:I43) -> 4875 | J44: =SUM(J3:J43) -> 3895.5881 | ... AQ44: =SUM(AQ3:AQ43) -> 2881.3501 | AR44: =SUM('OD-APUMA(Val)'!C44:AQ44) -> 13839891 | AS44: =MAX('OD-APUMA(Val)'!C44:AQ44) -> 4317976 | AT44: =SUM(C44:AQ44)/AR44 -> 0.085974191
A45: 0 | B45: ResidentWorkers | C45: =MAX(C3:C43) -> 181.0072 | D45: =MAX(D3:D43) -> 158.97361 | E45: =MAX(E3:E43) -> 197.54502 | F45: =MAX(F3:F43) -> 262.82534 | G45: =MAX(G3:G43) -> 1658.149 | H45: =MAX(H3:H43) -> 19.963725 | I45: =MAX(I3:I43) -> 1872 | J45: =MAX(J3:J43) -> 1355.4512 | ... AQ45: =MAX(AQ3:AQ43) -> 2357.0849 | AR45: =SUM('OD-APUMA(Val)'!C45:AQ45) -> 11744720 | AS45: =MAX('OD-APUMA(Val)'!C45:AQ45) -> 3859648 | AT45: =SUM(C45:AQ45)/AR45 -> 0.039636442
A46: 0 | B46: Non-ResidentWorkers | C46: =SUM(C3:C43)-MAX(C3:C43) -> 593.88311 | D46: =SUM(D3:D43)-MAX(D3:D43) -> 243.75954 | E46: =SUM(E3:E43)-MAX(E3:E43) -> 535.0648 | F46: =SUM(F3:F43)-MAX(F3:F43) -> 912.84872 | G46: =SUM(G3:G43)-MAX(G3:G43) -> 1465.2547 | H46: =SUM(H3:H43)-MAX(H3:H43) -> 50.261612 | I46: =SUM(I3:I43)-MAX(I3:I43) -> 3003 | J46: =SUM(J3:J43)-MAX(J3:J43) -> 2540.1369 | ... AQ46: =SUM(AQ3:AQ43)-MAX(AQ3:AQ43) -> 524.26516 | AR46: =SUM('OD-APUMA(Val)'!C46:AQ46) -> 2095171 | AS46: =MAX('OD-APUMA(Val)'!C46:AQ46) -> 458328 | AT46: =SUM(C46:AQ46)/AR46 -> 0.34572573
A47: 0 | B47: Total Workers | C47: =SUM(C3:C43) -> 774.89031 | D47: =SUM(D3:D43) -> 402.73315 | E47: =SUM(E3:E43) -> 732.60983 | F47: =SUM(F3:F43) -> 1175.6741 | G47: =SUM(G3:G43) -> 3123.4037 | H47: =SUM(H3:H43) -> 70.225337 | I47: =SUM(I3:I43) -> 4875 | J47: =SUM(J3:J43) -> 3895.5881 | ... AQ47: =SUM(AQ3:AQ43) -> 2881.3501 | AR47: =SUM('OD-APUMA(Val)'!C47:AQ47) -> 13839891 | AS47: =MAX('OD-APUMA(Val)'!C47:AQ47) -> 4317976 | AT47: =SUM(C47:AQ47)/AR47 -> 0.085974191
B49: TollShare | C49: 0.11507133 | D49: 0.062711484 | E49: 0.086832977 | F49: 0.18051191 | G49: 0.28534658 | H49: 0.018066719 | I49: 1 | J49: 0.82098801 | K49: 1 | L49: 1 | M49: 1 | N49: 1 | O49: 1 | P49: 1 | Q49: 1 | R49: 0.62145414 | S49: 0.18920186 | T49: 0.055485136 | U49: 0.12968316 | V49: 0.029788751 | W49: 0.014557641 | X49: 0.571306 | Y49: 0.0013613329 | Z49: 0.044551197 | AA49: 1 | AB49: 1 | AC49: 0.028345841 | AD49: 0.028943131 | AE49: 0.089617817 | AF49: 0.02102957 | AG49: 0.13758182 | AH49: 0.29546135 | AI49: 1 | AJ49: 0.2813763 | AK49: 0 | AL49: 1 | AM49: 1 | AN49: 1 | AO49: 1 | AP49: 1 | AQ49: 0.1081182

Sheet NeighborEffect-i=2
A1: Sum of TRIPS | B1: D-APUMA
A2: O-APUMA | B2: 0 | C2: 1 | D2: 2 | E2: 3 | F2: 4 | G2: 5 | H2: 6 | I2: 7 | J2: 8 | K2: 9 | L2: 10 | M2: 11 | N2: 12 | O2: 15 | P2: 19 | Q2: 22 | R2: 26 | S2: 27 | T2: 30 | U2: 31 | V2: 32 | W2: 75 | X2: 76 | Y2: 77 | Z2: 80 | AA2: 86 | AB2: 87 | AC2: 88 | AD2: 89 | AE2: 90 | AF2: 91 | AG2: 92 | AH2: 93 | AI2: 94 | AJ2: 95 | AK2: 96 | AL2: 97 | AM2: 98 | AN2: 99 | AO2: 100 | AP2: 101 | AQ2: 103 | AR2: Work | AS2: Locals | AT2: OutOfStateSum | AU2: N1^4
A3: 1 | B3: 70434 | C3: 0 | D3: ='OD-APUMA(Val)'!D3*D$49 -> 13.858296 | E3: ='OD-APUMA(Val)'!E3*E$49 -> 61.143294 | F3: ='OD-APUMA(Val)'!F3*F$49 -> 7.0746114 | G3: ='OD-APUMA(Val)'!G3*G$49 -> 13.222517 | H3: ='OD-APUMA(Val)'!H3*H$49 -> 1.8756206 | I3: ='OD-APUMA(Val)'!I3*I$49 -> 97.980294 | J3: ='OD-APUMA(Val)'!J3*J$49 -> 0 | K3: ='OD-APUMA(Val)'!K3*K$49 -> 0 | ... AQ3: ='OD-APUMA(Val)'!AQ3*AQ$49 -> 0 | AR3: =SUM('OD-APUMA(Val)'!C3:AQ3) -> 35412 | AS3: =MAX('OD-APUMA(Val)'!C3:AQ3) -> 32903 | AT3: =SUM(C3:AQ3)/AR3 -> 0.015654676 | AU3: =AT3^4 -> 6.005876e-08
A4: 2 | B4: 70551 | C4: ='OD-APUMA(Val)'!C4*C$49 -> 29.967617 | D4: 0 | E4: ='OD-APUMA(Val)'!E4*E$49 -> 0 | F4: ='OD-APUMA(Val)'!F4*F$49 -> 18.570855 | G4: ='OD-APUMA(Val)'!G4*G$49 -> 0 | H4: ='OD-APUMA(Val)'!H4*H$49 -> 0 | I4: ='OD-APUMA(Val)'!I4*I$49 -> 0 | J4: ='OD-APUMA(Val)'!J4*J$49 -> 0 | K4: ='OD-APUMA(Val)'!K4*K$49 -> 0 | L4: ='OD-APUMA(Val)'!L4*L$49 -> 0 | ... AQ4: ='OD-APUMA(Val)'!AQ4*AQ$49 -> 0 | AR4: =SUM('OD-APUMA(Val)'!C4:AQ4) -> 50492 | AS4: =MAX('OD-APUMA(Val)'!C4:AQ4) -> 49764 | AT4: =SUM(C4:AQ4)/AR4 -> 0.0026899119 | AU4: =AT4^4 -> 5.235428e-11
A5: 3 | B5: 93327 | C5: ='OD-APUMA(Val)'!C5*C$49 -> 71.351468 | D5: ='OD-APUMA(Val)'!D5*D$49 -> 7.3367449 | E5: 0 | F5: ='OD-APUMA(Val)'!F5*F$49 -> 3.5373057 | G5: ='OD-APUMA(Val)'!G5*G$49 -> 251.22783 | H5: ='OD-APUMA(Val)'!H5*H$49 -> 1.458816 | I5: ='OD-APUMA(Val)'!I5*I$49 -> 0 | J5: ='OD-APUMA(Val)'!J5*J$49 -> 0 | K5: ='OD-APUMA(Val)'!K5*K$49 -> 0 | L5: ='OD-APUMA(Val)'!L5*L$49 -> 37.674692 | M5: ='OD-APUMA(Val)'!M5*M$49 -> 0 | ... AQ5: ='OD-APUMA(Val)'!AQ5*AQ$49 -> 0 | AR5: =SUM('OD-APUMA(Val)'!C5:AQ5) -> 59163 | AS5: =MAX('OD-APUMA(Val)'!C5:AQ5) -> 55562 | AT5: =SUM(C5:AQ5)/AR5 -> 0.01787543 | AU5: =AT5^4 -> 1.0210006e-07
A6: 4 | B6: 79183 | C6: ='OD-APUMA(Val)'!C6*C$49 -> 0 | D6: ='OD-APUMA(Val)'!D6*D$49 -> 0 | E6: ='OD-APUMA(Val)'!E6*E$49 -> 0 | F6: 0 | G6: ='OD-APUMA(Val)'!G6*G$49 -> 7.9335103 | H6: ='OD-APUMA(Val)'!H6*H$49 -> 0 | I6: ='OD-APUMA(Val)'!I6*I$49 -> 44.249165 | J6: ='OD-APUMA(Val)'!J6*J$49 -> 13.082603 | K6: ='OD-APUMA(Val)'!K6*K$49 -> 25.15872 | L6: ='OD-APUMA(Val)'!L6*L$49 -> 0 | M6: ='OD-APUMA(Val)'!M6*M$49 -> 0 | N6: ='OD-APUMA(Val)'!N6*N$49 -> 0 | ... AQ6: ='OD-APUMA(Val)'!AQ6*AQ$49 -> 0 | AR6: =SUM('OD-APUMA(Val)'!C6:AQ6) -> 51012 | AS6: =MAX('OD-APUMA(Val)'!C6:AQ6) -> 47697 | AT6: =SUM(C6:AQ6)/AR6 -> 0.03347265 | AU6: =AT6^4 -> 1.2553372e-06
A7: 5 | B7: 66183 | C7: ='OD-APUMA(Val)'!C7*C$49 -> 0 | D7: ='OD-APUMA(Val)'!D7*D$49 -> 33.422949 | E7: ='OD-APUMA(Val)'!E7*E$49 -> 178.33461 | F7: ='OD-APUMA(Val)'!F7*F$49 -> 4.4216321 | G7: 0 | H7: ='OD-APUMA(Val)'!H7*H$49 -> 17.714194 | I7: ='OD-APUMA(Val)'!I7*I$49 -> 139.06881 | J7: ='OD-APUMA(Val)'!J7*J$49 -> 0 | K7: ='OD-APUMA(Val)'!K7*K$49 -> 0 | L7: ='OD-APUMA(Val)'!L7*L$49 -> 0 | M7: ='OD-APUMA(Val)'!M7*M$49 -> 88.237634 | N7: ='OD-APUMA(Val)'!N7*N$49 -> 0 | O7: ='OD-APUMA(Val)'!O7*O$49 -> 0 | ... AQ7: ='OD-APUMA(Val)'!AQ7*AQ$49 -> 0 | AR7: =SUM('OD-APUMA(Val)'!C7:AQ7) -> 34164 | AS7: =MAX('OD-APUMA(Val)'!C7:AQ7) -> 28613 | AT7: =SUM(C7:AQ7)/AR7 -> 0.031216547 | AU7: =AT7^4 -> 9.4959723e-07
A8: 6 | B8: 111722 | C8: ='OD-APUMA(Val)'!C8*C$49 -> 32.821675 | D8: ='OD-APUMA(Val)'!D8*D$49 -> 0 | E8: ='OD-APUMA(Val)'!E8*E$49 -> 5.0952745 | F8: ='OD-APUMA(Val)'!F8*F$49 -> 0 | G8: ='OD-APUMA(Val)'!G8*G$49 -> 282.96187 | H8: 0 | I8: ='OD-APUMA(Val)'!I8*I$49 -> 63.213093 | J8: ='OD-APUMA(Val)'!J8*J$49 -> 184.61006 | K8: ='OD-APUMA(Val)'!K8*K$49 -> 45.285696 | L8: ='OD-APUMA(Val)'!L8*L$49 -> 0 | M8: ='OD-APUMA(Val)'!M8*M$49 -> 72.194428 | N8: ='OD-APUMA(Val)'!N8*N$49 -> 0 | O8: ='OD-APUMA(Val)'!O8*O$49 -> 0 | P8: ='OD-APUMA(Val)'!P8*P$49 -> 0 | ... AQ8: ='OD-APUMA(Val)'!AQ8*AQ$49 -> 0 | AR8: =SUM('OD-APUMA(Val)'!C8:AQ8) -> 67522 | AS8: =MAX('OD-APUMA(Val)'!C8:AQ8) -> 62647 | AT8: =SUM(C8:AQ8)/AR8 -> 0.012786623 | AU8: =AT8^4 -> 2.673151e-08
A9: 7 | B9: 61087 | C9: ='OD-APUMA(Val)'!C9*C$49 -> 11.416235 | D9: ='OD-APUMA(Val)'!D9*D$49 -> 0 | E9: ='OD-APUMA(Val)'!E9*E$49 -> 48.914635 | F9: ='OD-APUMA(Val)'!F9*F$49 -> 25.645466 | G9: ='OD-APUMA(Val)'!G9*G$49 -> 15.867021 | H9: ='OD-APUMA(Val)'!H9*H$49 -> 3.3344366 | I9: 0 | J9: ='OD-APUMA(Val)'!J9*J$49 -> 72.681127 | K9: ='OD-APUMA(Val)'!K9*K$49 -> 30.190464 | L9: ='OD-APUMA(Val)'!L9*L$49 -> 0 | M9: ='OD-APUMA(Val)'!M9*M$49 -> 2358.3513 | N9: ='OD-APUMA(Val)'!N9*N$49 -> 0 | O9: ='OD-APUMA(Val)'!O9*O$49 -> 0 | P9: ='OD-APUMA(Val)'!P9*P$49 -> 69.167147 | Q9: ='OD-APUMA(Val)'!Q9*Q$49 -> 117 | ... AQ9: ='OD-APUMA(Val)'!AQ9*AQ$49 -> 0 | AR9: =SUM('OD-APUMA(Val)'!C9:AQ9) -> 41067 | AS9: =MAX('OD-APUMA(Val)'!C9:AQ9) -> 32396 | AT9: =SUM(C9:AQ9)/AR9 -> 0.082676188 | AU9: =AT9^4 -> 4.6722039e-05
A10: 8 | B10: 74074 | C10: ='OD-APUMA(Val)'!C10*C$49 -> 0 | D10: ='OD-APUMA(Val)'!D10*D$49 -> 0 | E10: ='OD-APUMA(Val)'!E10*E$49 -> 0 | F10: ='OD-APUMA(Val)'!F10*F$49 -> 0 | G10: ='OD-APUMA(Val)'!G10*G$49 -> 81.979606 | H10: ='OD-APUMA(Val)'!H10*H$49 -> 10.628517 | I10: ='OD-APUMA(Val)'!I10*I$49 -> 75.855712 | J10: 0 | K10: ='OD-APUMA(Val)'!K10*K$49 -> 0 | L10: ='OD-APUMA(Val)'!L10*L$49 -> 629.70557 | M10: ='OD-APUMA(Val)'!M10*M$49 -> 737.98748 | N10: ='OD-APUMA(Val)'!N10*N$49 -> 0 | O10: ='OD-APUMA(Val)'!O10*O$49 -> 0 | P10: ='OD-APUMA(Val)'!P10*P$49 -> 0 | Q10: ='OD-APUMA(Val)'!Q10*Q$49 -> 0 | R10: ='OD-APUMA(Val)'!R10*R$49 -> 0 | ... AQ10: ='OD-APUMA(Val)'!AQ10*AQ$49 -> 0 | AR10: =SUM('OD-APUMA(Val)'!C10:AQ10) -> 46839 | AS10: =MAX('OD-APUMA(Val)'!C10:AQ10) -> 38493 | AT10: =SUM(C10:AQ10)/AR10 -> 0.053963036 | AU10: =AT10^4 -> 8.4797978e-06
A11: 9 | B11: 57291 | C11: ='OD-APUMA(Val)'!C11*C$49 -> 15.697323 | D11: ='OD-APUMA(Val)'!D11*D$49 -> 0 | E11: ='OD-APUMA(Val)'!E11*E$49 -> 0 | F11: ='OD-APUMA(Val)'!F11*F$49 -> 14.149223 | G11: ='OD-APUMA(Val)'!G11*G$49 -> 0 | H11: ='OD-APUMA(Val)'!H11*H$49 -> 0 | I11: ='OD-APUMA(Val)'!I11*I$49 -> 0 | J11: ='OD-APUMA(Val)'!J11*J$49 -> 0 | K11: 0 | L11: ='OD-APUMA(Val)'!L11*L$49 -> 43.056791 | M11: ='OD-APUMA(Val)'!M11*M$49 -> 0 | N11: ='OD-APUMA(Val)'!N11*N$49 -> 0 | O11: ='OD-APUMA(Val)'!O11*O$49 -> 429 | P11: ='OD-APUMA(Val)'!P11*P$49 -> 530.28146 | Q11: ='OD-APUMA(Val)'!Q11*Q$49 -> 195 | R11: ='OD-APUMA(Val)'!R11*R$49 -> 0 | S11: ='OD-APUMA(Val)'!S11*S$49 -> 0 | ... AQ11: ='OD-APUMA(Val)'!AQ11*AQ$49 -> 0 | AR11: =SUM('OD-APUMA(Val)'!C11:AQ11) -> 51909 | AS11: =MAX('OD-APUMA(Val)'!C11:AQ11) -> 37791 | AT11: =SUM(C11:AQ11)/AR11 -> 0.22493837 | AU11: =AT11^4 -> 0.0025600838
A12: 10 | B12: 75231 | C12: ='OD-APUMA(Val)'!C12*C$49 -> 7.1351468 | D12: ='OD-APUMA(Val)'!D12*D$49 -> 0 | E12: ='OD-APUMA(Val)'!E12*E$49 -> 17.323933 | F12: ='OD-APUMA(Val)'!F12*F$49 -> 0 | G12: ='OD-APUMA(Val)'!G12*G$49 -> 37.023048 | H12: ='OD-APUMA(Val)'!H12*H$49 -> 3.5428389 | I12: ='OD-APUMA(Val)'!I12*I$49 -> 0 | J12: ='OD-APUMA(Val)'!J12*J$49 -> 56.691279 | K12: ='OD-APUMA(Val)'!K12*K$49 -> 65.412672 | L12: 0 | M12: ='OD-APUMA(Val)'!M12*M$49 -> 128.34565 | N12: ='OD-APUMA(Val)'!N12*N$49 -> 195 | O12: ='OD-APUMA(Val)'!O12*O$49 -> 0 | P12: ='OD-APUMA(Val)'!P12*P$49 -> 0 | Q12: ='OD-APUMA(Val)'!Q12*Q$49 -> 78 | R12: ='OD-APUMA(Val)'!R12*R$49 -> 6.0924596 | S12: ='OD-APUMA(Val)'!S12*S$49 -> 0 | T12: ='OD-APUMA(Val)'!T12*T$49 -> 0 | ... AQ12: ='OD-APUMA(Val)'!AQ12*AQ$49 -> 0 | AR12: =SUM('OD-APUMA(Val)'!C12:AQ12) -> 66885 | AS12: =MAX('OD-APUMA(Val)'!C12:AQ12) -> 44408 | AT12: =SUM(C12:AQ12)/AR12 -> 0.088230358 | AU12: =AT12^4 -> 6.0599936e-05
A13: 11 | B13: 90948 | C13: ='OD-APUMA(Val)'!C13*C$49 -> 0 | D13: ='OD-APUMA(Val)'!D13*D$49 -> 0 | E13: ='OD-APUMA(Val)'!E13*E$49 -> 33.628812 | F13: ='OD-APUMA(Val)'!F13*F$49 -> 99.044559 | G13: ='OD-APUMA(Val)'!G13*G$49 -> 84.62411 | H13: ='OD-APUMA(Val)'!H13*H$49 -> 0 | I13: ='OD-APUMA(Val)'!I13*I$49 -> 455.13427 | J13: ='OD-APUMA(Val)'!J13*J$49 -> 27.618828 | ... L13: ='OD-APUMA(Val)'!L13*L$49 -> 468.2426 | M13: 0 | N13: ='OD-APUMA(Val)'!N13*N$49 -> 104 | O13: ='OD-APUMA(Val)'!O13*O$49 -> 0 | P13: ='OD-APUMA(Val)'!P13*P$49 -> 53.79667 | Q13: ='OD-APUMA(Val)'!Q13*Q$49 -> 26 | R13: ='OD-APUMA(Val)'!R13*R$49 -> 16.246559 | S13: ='OD-APUMA(Val)'!S13*S$49 -> 0 | T13: ='OD-APUMA(Val)'!T13*T$49 -> 0 | U13: ='OD-APUMA(Val)'!U13*U$49 -> 0 | ... AQ13: ='OD-APUMA(Val)'!AQ13*AQ$49 -> 11.778015 | AR13: =SUM('OD-APUMA(Val)'!C13:AQ13) -> 80626 | AS13: =MAX('OD-APUMA(Val)'!C13:AQ13) -> 46007 | AT13: =SUM(C13:AQ13)/AR13 -> 0.077925757 | AU13: =AT13^4 -> 3.6874328e-05
A14: 12 | B14: 66781 | C14: ='OD-APUMA(Val)'!C14*C$49 -> 0 | D14: ='OD-APUMA(Val)'!D14*D$49 -> 8.9671327 | E14: ='OD-APUMA(Val)'!E14*E$49 -> 23.438263 | F14: ='OD-APUMA(Val)'!F14*F$49 -> 0 | G14: ='OD-APUMA(Val)'!G14*G$49 -> 1182.093 | H14: ='OD-APUMA(Val)'!H14*H$49 -> 2.2924251 | I14: ='OD-APUMA(Val)'!I14*I$49 -> 31.606547 | J14: ='OD-APUMA(Val)'!J14*J$49 -> 0 | ... M14: ='OD-APUMA(Val)'!M14*M$49 -> 1018.7436 | N14: 0 | O14: ='OD-APUMA(Val)'!O14*O$49 -> 0 | P14: ='OD-APUMA(Val)'!P14*P$49 -> 92.222863 | Q14: ='OD-APUMA(Val)'!Q14*Q$49 -> 182 | R14: ='OD-APUMA(Val)'!R14*R$49 -> 16.246559 | S14: ='OD-APUMA(Val)'!S14*S$49 -> 0 | T14: ='OD-APUMA(Val)'!T14*T$49 -> 0 | U14: ='OD-APUMA(Val)'!U14*U$49 -> 0 | V14: ='OD-APUMA(Val)'!V14*V$49 -> 0 | ... AQ14: ='OD-APUMA(Val)'!AQ14*AQ$49 -> 5.8890073 | AR14: =SUM('OD-APUMA(Val)'!C14:AQ14) -> 56082 | AS14: =MAX('OD-APUMA(Val)'!C14:AQ14) -> 30693 | AT14: =SUM(C14:AQ14)/AR14 -> 0.093352073 | AU14: =AT14^4 -> 7.5944418e-05
A15: 15 | B15: 103519 | C15: ='OD-APUMA(Val)'!C15*C$49 -> 0 | D15: ='OD-APUMA(Val)'!D15*D$49 -> 0 | E15: ='OD-APUMA(Val)'!E15*E$49 -> 8.1524392 | F15: ='OD-APUMA(Val)'!F15*F$49 -> 8.8432642 | G15: ='OD-APUMA(Val)'!G15*G$49 -> 0 | H15: ='OD-APUMA(Val)'!H15*H$49 -> 0 | I15: ='OD-APUMA(Val)'!I15*I$49 -> 0 | J15: ='OD-APUMA(Val)'!J15*J$49 -> 21.804338 | ... N15: ='OD-APUMA(Val)'!N15*N$49 -> 0 | O15: 0 | P15: ='OD-APUMA(Val)'!P15*P$49 -> 19566.617 | Q15: ='OD-APUMA(Val)'!Q15*Q$49 -> 3744 | R15: ='OD-APUMA(Val)'!R15*R$49 -> 0 | S15: ='OD-APUMA(Val)'!S15*S$49 -> 0 | T15: ='OD-APUMA(Val)'!T15*T$49 -> 0 | U15: ='OD-APUMA(Val)'!U15*U$49 -> 0 | V15: ='OD-APUMA(Val)'!V15*V$49 -> 0 | W15: ='OD-APUMA(Val)'!W15*W$49 -> 0 | ... AQ15: ='OD-APUMA(Val)'!AQ15*AQ$49 -> 0 | AR15: =SUM('OD-APUMA(Val)'!C15:AQ15) -> 124878 | AS15: =MAX('OD-APUMA(Val)'!C15:AQ15) -> 72592 | AT15: =SUM(C15:AQ15)/AR15 -> 0.28458237 | AU15: =AT15^4 -> 0.006558914
A16: 19 | B16: 347230 | C16: ='OD-APUMA(Val)'!C16*C$49 -> 15.697323 | D16: ='OD-APUMA(Val)'!D16*D$49 -> 4.8911633 | E16: ='OD-APUMA(Val)'!E16*E$49 -> 12.228659 | F16: ='OD-APUMA(Val)'!F16*F$49 -> 12.38057 | G16: ='OD-APUMA(Val)'!G16*G$49 -> 0 | H16: ='OD-APUMA(Val)'!H16*H$49 -> 0 | I16: ='OD-APUMA(Val)'!I16*I$49 -> 18.963928 | J16: ='OD-APUMA(Val)'!J16*J$49 -> 0 | ... O16: ='OD-APUMA(Val)'!O16*O$49 -> 4095 | P16: 0 | Q16: ='OD-APUMA(Val)'!Q16*Q$49 -> 29393 | R16: ='OD-APUMA(Val)'!R16*R$49 -> 0 | S16: ='OD-APUMA(Val)'!S16*S$49 -> 0 | T16: ='OD-APUMA(Val)'!T16*T$49 -> 0 | U16: ='OD-APUMA(Val)'!U16*U$49 -> 0 | V16: ='OD-APUMA(Val)'!V16*V$49 -> 3.080771 | W16: ='OD-APUMA(Val)'!W16*W$49 -> 0 | X16: ='OD-APUMA(Val)'!X16*X$49 -> 33.554987 | ... AQ16: ='OD-APUMA(Val)'!AQ16*AQ$49 -> 0 | AR16: =SUM('OD-APUMA(Val)'!C16:AQ16) -> 385580 | AS16: =MAX('OD-APUMA(Val)'!C16:AQ16) -> 313768 | AT16: =SUM(C16:AQ16)/AR16 -> 0.16033218 | AU16: =AT16^4 -> 0.00066081935
A17: 22 | B17: 313391 | C17: ='OD-APUMA(Val)'!C17*C$49 -> 18.551382 | D17: ='OD-APUMA(Val)'!D17*D$49 -> 0 | E17: ='OD-APUMA(Val)'!E17*E$49 -> 17.323933 | F17: ='OD-APUMA(Val)'!F17*F$49 -> 0 | G17: ='OD-APUMA(Val)'!G17*G$49 -> 37.023048 | H17: ='OD-APUMA(Val)'!H17*H$49 -> 0 | I17: ='OD-APUMA(Val)'!I17*I$49 -> 0 | J17: ='OD-APUMA(Val)'!J17*J$49 -> 0 | ... P17: ='OD-APUMA(Val)'!P17*P$49 -> 47840.61 | Q17: 0 | R17: ='OD-APUMA(Val)'!R17*R$49 -> 0 | S17: ='OD-APUMA(Val)'!S17*S$49 -> 0 | T17: ='OD-APUMA(Val)'!T17*T$49 -> 0 | U17: ='OD-APUMA(Val)'!U17*U$49 -> 0 | V17: ='OD-APUMA(Val)'!V17*V$49 -> 0 | W17: ='OD-APUMA(Val)'!W17*W$49 -> 0 | X17: ='OD-APUMA(Val)'!X17*X$49 -> 36.472812 | Y17: ='OD-APUMA(Val)'!Y17*Y$49 -> 0 | ... AQ17: ='OD-APUMA(Val)'!AQ17*AQ$49 -> 0 | AR17: =SUM('OD-APUMA(Val)'!C17:AQ17) -> 350818 | AS17: =MAX('OD-APUMA(Val)'!C17:AQ17) -> 203580 | AT17: =SUM(C17:AQ17)/AR17 -> 0.21011857 | AU17: =AT17^4 -> 0.001949206
A18: 26 | B18: 95186 | C18: ='OD-APUMA(Val)'!C18*C$49 -> 0 | D18: ='OD-APUMA(Val)'!D18*D$49 -> 0 | E18: ='OD-APUMA(Val)'!E18*E$49 -> 2.0381098 | F18: ='OD-APUMA(Val)'!F18*F$49 -> 0 | G18: ='OD-APUMA(Val)'!G18*G$49 -> 42.312055 | H18: ='OD-APUMA(Val)'!H18*H$49 -> 0 | I18: ='OD-APUMA(Val)'!I18*I$49 -> 0 | J18: ='OD-APUMA(Val)'!J18*J$49 -> 0 | ... Q18: ='OD-APUMA(Val)'!Q18*Q$49 -> 299 | R18: 0 | S18: ='OD-APUMA(Val)'!S18*S$49 -> 76.571625 | T18: ='OD-APUMA(Val)'!T18*T$49 -> 6.7792941 | U18: ='OD-APUMA(Val)'!U18*U$49 -> 0 | V18: ='OD-APUMA(Val)'!V18*V$49 -> 0 | W18: ='OD-APUMA(Val)'!W18*W$49 -> 0 | X18: ='OD-APUMA(Val)'!X18*X$49 -> 0 | Y18: ='OD-APUMA(Val)'!Y18*Y$49 -> 0 | Z18: ='OD-APUMA(Val)'!Z18*Z$49 -> 0 | ... AQ18: ='OD-APUMA(Val)'!AQ18*AQ$49 -> 0 | AR18: =SUM('OD-APUMA(Val)'!C18:AQ18) -> 59358 | AS18: =MAX('OD-APUMA(Val)'!C18:AQ18) -> 49543 | AT18: =SUM(C18:AQ18)/AR18 -> 0.050499694 | AU18: =AT18^4 -> 6.5036172e-06
A19: 27 | B19: 78299 | C19: ='OD-APUMA(Val)'!C19*C$49 -> 0 | D19: ='OD-APUMA(Val)'!D19*D$49 -> 0 | E19: ='OD-APUMA(Val)'!E19*E$49 -> 0 | F19: ='OD-APUMA(Val)'!F19*F$49 -> 0 | G19: ='OD-APUMA(Val)'!G19*G$49 -> 0 | H19: ='OD-APUMA(Val)'!H19*H$49 -> 0 | I19: ='OD-APUMA(Val)'!I19*I$49 -> 0 | J19: ='OD-APUMA(Val)'!J19*J$49 -> 0 | ... R19: ='OD-APUMA(Val)'!R19*R$49 -> 22.339019 | S19: 0 | T19: ='OD-APUMA(Val)'!T19*T$49 -> 57.624 | U19: ='OD-APUMA(Val)'!U19*U$49 -> 20.153729 | V19: ='OD-APUMA(Val)'!V19*V$49 -> 2.3105782 | W19: ='OD-APUMA(Val)'!W19*W$49 -> 1.8790493 | X19: ='OD-APUMA(Val)'!X19*X$49 -> 39.390637 | Y19: ='OD-APUMA(Val)'!Y19*Y$49 -> 0.01337074 | Z19: ='OD-APUMA(Val)'!Z19*Z$49 -> 0 | AA19: ='OD-APUMA(Val)'!AA19*AA$49 -> 91 | ... AQ19: ='OD-APUMA(Val)'!AQ19*AQ$49 -> 0 | AR19: =SUM('OD-APUMA(Val)'!C19:AQ19) -> 50674 | AS19: =MAX('OD-APUMA(Val)'!C19:AQ19) -> 34346 | AT19: =SUM(C19:AQ19)/AR19 -> 0.027717986 | AU19: =AT19^4 -> 5.9026453e-07
A20: 30 | B20: 108225 | C20: ='OD-APUMA(Val)'!C20*C$49 -> 0 | D20: ='OD-APUMA(Val)'!D20*D$49 -> 0 | E20: ='OD-APUMA(Val)'!E20*E$49 -> 0 | F20: ='OD-APUMA(Val)'!F20*F$49 -> 0 | G20: ='OD-APUMA(Val)'!G20*G$49 -> 0 | H20: ='OD-APUMA(Val)'!H20*H$49 -> 0 | I20: ='OD-APUMA(Val)'!I20*I$49 -> 0 | J20: ='OD-APUMA(Val)'!J20*J$49 -> 0 | ... S20: ='OD-APUMA(Val)'!S20*S$49 -> 185.68619 | T20: 0 | U20: ='OD-APUMA(Val)'!U20*U$49 -> 25.192161 | V20: ='OD-APUMA(Val)'!V20*V$49 -> 0 | W20: ='OD-APUMA(Val)'!W20*W$49 -> 0 | X20: ='OD-APUMA(Val)'!X20*X$49 -> 0 | Y20: ='OD-APUMA(Val)'!Y20*Y$49 -> 0 | Z20: ='OD-APUMA(Val)'!Z20*Z$49 -> 0 | AA20: ='OD-APUMA(Val)'!AA20*AA$49 -> 52 | AB20: ='OD-APUMA(Val)'!AB20*AB$49 -> 0 | ... AQ20: ='OD-APUMA(Val)'!AQ20*AQ$49 -> 0 | AR20: =SUM('OD-APUMA(Val)'!C20:AQ20) -> 68432 | AS20: =MAX('OD-APUMA(Val)'!C20:AQ20) -> 59956 | AT20: =SUM(C20:AQ20)/AR20 -> 0.014899688 | AU20: =AT20^4 -> 4.9284315e-08
A21: 31 | B21: 63609 | C21: ='OD-APUMA(Val)'!C21*C$49 -> 0 | D21: ='OD-APUMA(Val)'!D21*D$49 -> 0 | E21: ='OD-APUMA(Val)'!E21*E$49 -> 0 | F21: ='OD-APUMA(Val)'!F21*F$49 -> 0 | G21: ='OD-APUMA(Val)'!G21*G$49 -> 0 | H21: ='OD-APUMA(Val)'!H21*H$49 -> 0 | I21: ='OD-APUMA(Val)'!I21*I$49 -> 0 | J21: ='OD-APUMA(Val)'!J21*J$49 -> 0 | ... T21: ='OD-APUMA(Val)'!T21*T$49 -> 0 | U21: 0 | V21: ='OD-APUMA(Val)'!V21*V$49 -> 3.4658673 | W21: ='OD-APUMA(Val)'!W21*W$49 -> 20.481637 | X21: ='OD-APUMA(Val)'!X21*X$49 -> 0 | Y21: ='OD-APUMA(Val)'!Y21*Y$49 -> 0 | Z21: ='OD-APUMA(Val)'!Z21*Z$49 -> 22.51878 | AA21: ='OD-APUMA(Val)'!AA21*AA$49 -> 169 | AB21: ='OD-APUMA(Val)'!AB21*AB$49 -> 0 | AC21: ='OD-APUMA(Val)'!AC21*AC$49 -> 68.786085 | ... AQ21: ='OD-APUMA(Val)'!AQ21*AQ$49 -> 0 | AR21: =SUM('OD-APUMA(Val)'!C21:AQ21) -> 35698 | AS21: =MAX('OD-APUMA(Val)'!C21:AQ21) -> 30563 | AT21: =SUM(C21:AQ21)/AR21 -> 0.0088392242 | AU21: =AT21^4 -> 6.1045913e-09
A22: 32 | B22: 187317 | C22: ='OD-APUMA(Val)'!C22*C$49 -> 0 | D22: ='OD-APUMA(Val)'!D22*D$49 -> 0 | E22: ='OD-APUMA(Val)'!E22*E$49 -> 5.0952745 | F22: ='OD-APUMA(Val)'!F22*F$49 -> 0 | G22: ='OD-APUMA(Val)'!G22*G$49 -> 0 | H22: ='OD-APUMA(Val)'!H22*H$49 -> 0 | I22: ='OD-APUMA(Val)'!I22*I$49 -> 0 | J22: ='OD-APUMA(Val)'!J22*J$49 -> 0 | ... U22: ='OD-APUMA(Val)'!U22*U$49 -> 0 | V22: 0 | W22: ='OD-APUMA(Val)'!W22*W$49 -> 0 | X22: ='OD-APUMA(Val)'!X22*X$49 -> 0 | Y22: ='OD-APUMA(Val)'!Y22*Y$49 -> 0 | Z22: ='OD-APUMA(Val)'!Z22*Z$49 -> 226.92001 | AA22: ='OD-APUMA(Val)'!AA22*AA$49 -> 156 | AB22: ='OD-APUMA(Val)'!AB22*AB$49 -> 0 | AC22: ='OD-APUMA(Val)'!AC22*AC$49 -> 3.9615023 | AD22: ='OD-APUMA(Val)'!AD22*AD$49 -> 0 | ... AQ22: ='OD-APUMA(Val)'!AQ22*AQ$49 -> 152.13269 | AR22: =SUM('OD-APUMA(Val)'!C22:AQ22) -> 180141 | AS22: =MAX('OD-APUMA(Val)'!C22:AQ22) -> 169559 | AT22: =SUM(C22:AQ22)/AR22 -> 0.0067634818 | AU22: =AT22^4 -> 2.0925763e-09
A23: 75 | B23: 192426 | C23: ='OD-APUMA(Val)'!C23*C$49 -> 0 | D23: ='OD-APUMA(Val)'!D23*D$49 -> 6.521551 | E23: ='OD-APUMA(Val)'!E23*E$49 -> 0 | F23: ='OD-APUMA(Val)'!F23*F$49 -> 0 | G23: ='OD-APUMA(Val)'!G23*G$49 -> 0 | H23: ='OD-APUMA(Val)'!H23*H$49 -> 0 | I23: ='OD-APUMA(Val)'!I23*I$49 -> 0 | J23: ='OD-APUMA(Val)'!J23*J$49 -> 0 | ... V23: ='OD-APUMA(Val)'!V23*V$49 -> 0 | W23: 0 | X23: ='OD-APUMA(Val)'!X23*X$49 -> 0 | Y23: ='OD-APUMA(Val)'!Y23*Y$49 -> 0 | Z23: ='OD-APUMA(Val)'!Z23*Z$49 -> 2.887023 | AA23: ='OD-APUMA(Val)'!AA23*AA$49 -> 0 | AB23: ='OD-APUMA(Val)'!AB23*AB$49 -> 91 | AC23: ='OD-APUMA(Val)'!AC23*AC$49 -> 155.93914 | AD23: ='OD-APUMA(Val)'!AD23*AD$49 -> 75.709667 | AE23: ='OD-APUMA(Val)'!AE23*AE$49 -> 44.082649 | ... AQ23: ='OD-APUMA(Val)'!AQ23*AQ$49 -> 0 | AR23: =SUM('OD-APUMA(Val)'!C23:AQ23) -> 118170 | AS23: =MAX('OD-APUMA(Val)'!C23:AQ23) -> 106184 | AT23: =SUM(C23:AQ23)/AR23 -> 0.0069664663 | AU23: =AT23^4 -> 2.3553213e-09
A24: 76 | B24: 116324 | C24: ='OD-APUMA(Val)'!C24*C$49 -> 0 | D24: ='OD-APUMA(Val)'!D24*D$49 -> 0 | E24: ='OD-APUMA(Val)'!E24*E$49 -> 0 | F24: ='OD-APUMA(Val)'!F24*F$49 -> 9.7275906 | G24: ='OD-APUMA(Val)'!G24*G$49 -> 0 | H24: ='OD-APUMA(Val)'!H24*H$49 -> 0 | I24: ='OD-APUMA(Val)'!I24*I$49 -> 0 | J24: ='OD-APUMA(Val)'!J24*J$49 -> 0 | ... W24: ='OD-APUMA(Val)'!W24*W$49 -> 0 | X24: 0 | Y24: ='OD-APUMA(Val)'!Y24*Y$49 -> 0 | Z24: ='OD-APUMA(Val)'!Z24*Z$49 -> 0 | AA24: ='OD-APUMA(Val)'!AA24*AA$49 -> 871 | AB24: ='OD-APUMA(Val)'!AB24*AB$49 -> 182 | AC24: ='OD-APUMA(Val)'!AC24*AC$49 -> 1.4405463 | AD24: ='OD-APUMA(Val)'!AD24*AD$49 -> 7.870807 | AE24: ='OD-APUMA(Val)'!AE24*AE$49 -> 22.041325 | AF24: ='OD-APUMA(Val)'!AF24*AF$49 -> 87.086053 | ... AQ24: ='OD-APUMA(Val)'!AQ24*AQ$49 -> 6.8705085 | AR24: =SUM('OD-APUMA(Val)'!C24:AQ24) -> 112996 | AS24: =MAX('OD-APUMA(Val)'!C24:AQ24) -> 88868 | AT24: =SUM(C24:AQ24)/AR24 -> 0.048389985 | AU24: =AT24^4 -> 5.4830468e-06
A25: 77 | B25: 73463 | C25: ='OD-APUMA(Val)'!C25*C$49 -> 0 | D25: ='OD-APUMA(Val)'!D25*D$49 -> 0 | E25: ='OD-APUMA(Val)'!E25*E$49 -> 0 | F25: ='OD-APUMA(Val)'!F25*F$49 -> 25.645466 | G25: ='OD-APUMA(Val)'!G25*G$49 -> 0 | H25: ='OD-APUMA(Val)'!H25*H$49 -> 0 | I25: ='OD-APUMA(Val)'!I25*I$49 -> 0 | J25: ='OD-APUMA(Val)'!J25*J$49 -> 0 | ... X25: ='OD-APUMA(Val)'!X25*X$49 -> 0 | Y25: 0 | Z25: ='OD-APUMA(Val)'!Z25*Z$49 -> 0 | AA25: ='OD-APUMA(Val)'!AA25*AA$49 -> 78 | AB25: ='OD-APUMA(Val)'!AB25*AB$49 -> 0 | AC25: ='OD-APUMA(Val)'!AC25*AC$49 -> 0 | AD25: ='OD-APUMA(Val)'!AD25*AD$49 -> 0 | AE25: ='OD-APUMA(Val)'!AE25*AE$49 -> 13.920837 | AF25: ='OD-APUMA(Val)'!AF25*AF$49 -> 0 | AG25: ='OD-APUMA(Val)'!AG25*AG$49 -> 0 | ... AQ25: ='OD-APUMA(Val)'!AQ25*AQ$49 -> 0 | AR25: =SUM('OD-APUMA(Val)'!C25:AQ25) -> 34944 | AS25: =MAX('OD-APUMA(Val)'!C25:AQ25) -> 33397 | AT25: =SUM(C25:AQ25)/AR25 -> 0.0079069431 | AU25: =AT25^4 -> 3.908719e-09
A26: 80 | B26: 118885 | C26: ='OD-APUMA(Val)'!C26*C$49 -> 0 | D26: ='OD-APUMA(Val)'!D26*D$49 -> 15.488684 | E26: ='OD-APUMA(Val)'!E26*E$49 -> 0 | F26: ='OD-APUMA(Val)'!F26*F$49 -> 0 | G26: ='OD-APUMA(Val)'!G26*G$49 -> 0 | H26: ='OD-APUMA(Val)'!H26*H$49 -> 0 | I26: ='OD-APUMA(Val)'!I26*I$49 -> 0 | J26: ='OD-APUMA(Val)'!J26*J$49 -> 0 | ... Y26: ='OD-APUMA(Val)'!Y26*Y$49 -> 0 | Z26: 0 | AA26: ='OD-APUMA(Val)'!AA26*AA$49 -> 0 | AB26: ='OD-APUMA(Val)'!AB26*AB$49 -> 78 | AC26: ='OD-APUMA(Val)'!AC26*AC$49 -> 0 | AD26: ='OD-APUMA(Val)'!AD26*AD$49 -> 7.4960067 | AE26: ='OD-APUMA(Val)'!AE26*AE$49 -> 53.363207 | AF26: ='OD-APUMA(Val)'!AF26*AF$49 -> 2.0490836 | AG26: ='OD-APUMA(Val)'!AG26*AG$49 -> 0 | AH26: ='OD-APUMA(Val)'!AH26*AH$49 -> 0 | ... AQ26: ='OD-APUMA(Val)'!AQ26*AQ$49 -> 23.556029 | AR26: =SUM('OD-APUMA(Val)'!C26:AQ26) -> 91208 | AS26: =MAX('OD-APUMA(Val)'!C26:AQ26) -> 82537 | AT26: =SUM(C26:AQ26)/AR26 -> 0.0066698769 | AU26: =AT26^4 -> 1.9791162e-09
A27: 86 | B27: 634894 | C27: ='OD-APUMA(Val)'!C27*C$49 -> 9.9892056 | D27: ='OD-APUMA(Val)'!D27*D$49 -> 4.8911633 | E27: ='OD-APUMA(Val)'!E27*E$49 -> 10.190549 | F27: ='OD-APUMA(Val)'!F27*F$49 -> 0 | G27: ='OD-APUMA(Val)'!G27*G$49 -> 0 | H27: ='OD-APUMA(Val)'!H27*H$49 -> 2.2924251 | I27: ='OD-APUMA(Val)'!I27*I$49 -> 0 | J27: ='OD-APUMA(Val)'!J27*J$49 -> 0 | ... Z27: ='OD-APUMA(Val)'!Z27*Z$49 -> 0 | AA27: 0 | AB27: ='OD-APUMA(Val)'!AB27*AB$49 -> 35737 | AC27: ='OD-APUMA(Val)'!AC27*AC$49 -> 1.8006829 | AD27: ='OD-APUMA(Val)'!AD27*AD$49 -> 0 | AE27: ='OD-APUMA(Val)'!AE27*AE$49 -> 157.76948 | AF27: ='OD-APUMA(Val)'!AF27*AF$49 -> 0 | AG27: ='OD-APUMA(Val)'!AG27*AG$49 -> 34.703614 | AH27: ='OD-APUMA(Val)'!AH27*AH$49 -> 0 | AI27: ='OD-APUMA(Val)'!AI27*AI$49 -> 67.03886 | ... AQ27: ='OD-APUMA(Val)'!AQ27*AQ$49 -> 0 | AR27: =SUM('OD-APUMA(Val)'!C27:AQ27) -> 632060 | AS27: =MAX('OD-APUMA(Val)'!C27:AQ27) -> 448058 | AT27: =SUM(C27:AQ27)/AR27 -> 0.17379036 | AU27: =AT27^4 -> 0.0009122265
A28: 87 | B28: 401882 | C28: ='OD-APUMA(Val)'!C28*C$49 -> 29.967617 | D28: ='OD-APUMA(Val)'!D28*D$49 -> 7.3367449 | E28: ='OD-APUMA(Val)'!E28*E$49 -> 0 | F28: ='OD-APUMA(Val)'!F28*F$49 -> 12.38057 | G28: ='OD-APUMA(Val)'!G28*G$49 -> 0 | H28: ='OD-APUMA(Val)'!H28*H$49 -> 2.2924251 | I28: ='OD-APUMA(Val)'!I28*I$49 -> 0 | J28: ='OD-APUMA(Val)'!J28*J$49 -> 0 | ... AA28: ='OD-APUMA(Val)'!AA28*AA$49 -> 83265 | AB28: 0 | AC28: ='OD-APUMA(Val)'!AC28*AC$49 -> 2.8810926 | AD28: ='OD-APUMA(Val)'!AD28*AD$49 -> 0 | AE28: ='OD-APUMA(Val)'!AE28*AE$49 -> 71.924323 | AF28: ='OD-APUMA(Val)'!AF28*AF$49 -> 0 | AG28: ='OD-APUMA(Val)'!AG28*AG$49 -> 27.762891 | AH28: ='OD-APUMA(Val)'!AH28*AH$49 -> 0 | AI28: ='OD-APUMA(Val)'!AI28*AI$49 -> 77.910027 | AJ28: ='OD-APUMA(Val)'!AJ28*AJ$49 -> 33.16606 | ... AQ28: ='OD-APUMA(Val)'!AQ28*AQ$49 -> 0 | AR28: =SUM('OD-APUMA(Val)'!C28:AQ28) -> 401219 | AS28: =MAX('OD-APUMA(Val)'!C28:AQ28) -> 243971 | AT28: =SUM(C28:AQ28)/AR28 -> 0.32233801 | AU28: =AT28^4 -> 0.010795582
A29: 88 | B29: 405808 | C29: ='OD-APUMA(Val)'!C29*C$49 -> 0 | D29: ='OD-APUMA(Val)'!D29*D$49 -> 7.3367449 | E29: ='OD-APUMA(Val)'!E29*E$49 -> 0 | F29: ='OD-APUMA(Val)'!F29*F$49 -> 23.876813 | G29: ='OD-APUMA(Val)'!G29*G$49 -> 39.667551 | H29: ='OD-APUMA(Val)'!H29*H$49 -> 2.917632 | I29: ='OD-APUMA(Val)'!I29*I$49 -> 0 | J29: ='OD-APUMA(Val)'!J29*J$49 -> 10.175358 | ... AB29: ='OD-APUMA(Val)'!AB29*AB$49 -> 169 | AC29: 0 | AD29: ='OD-APUMA(Val)'!AD29*AD$49 -> 2.9984027 | AE29: ='OD-APUMA(Val)'!AE29*AE$49 -> 66.123974 | AF29: ='OD-APUMA(Val)'!AF29*AF$49 -> 10.245418 | AG29: ='OD-APUMA(Val)'!AG29*AG$49 -> 15.616626 | AH29: ='OD-APUMA(Val)'!AH29*AH$49 -> 22.67974 | AI29: ='OD-APUMA(Val)'!AI29*AI$49 -> 19.930472 | AJ29: ='OD-APUMA(Val)'!AJ29*AJ$49 -> 0 | AK29: ='OD-APUMA(Val)'!AK29*AK$49 -> 0 | ... AQ29: ='OD-APUMA(Val)'!AQ29*AQ$49 -> 28.463535 | AR29: =SUM('OD-APUMA(Val)'!C29:AQ29) -> 268060 | AS29: =MAX('OD-APUMA(Val)'!C29:AQ29) -> 250822 | AT29: =SUM(C29:AQ29)/AR29 -> 0.0097516176 | AU29: =AT29^4 -> 9.0428775e-09
A30: 89 | B30: 320827 | C30: ='OD-APUMA(Val)'!C30*C$49 -> 11.416235 | D30: ='OD-APUMA(Val)'!D30*D$49 -> 0 | E30: ='OD-APUMA(Val)'!E30*E$49 -> 0 | F30: ='OD-APUMA(Val)'!F30*F$49 -> 12.38057 | G30: ='OD-APUMA(Val)'!G30*G$49 -> 0 | H30: ='OD-APUMA(Val)'!H30*H$49 -> 0 | I30: ='OD-APUMA(Val)'!I30*I$49 -> 0 | J30: ='OD-APUMA(Val)'!J30*J$49 -> 0 | ... AC30: ='OD-APUMA(Val)'!AC30*AC$49 -> 4.3216389 | AD30: 0 | AE30: ='OD-APUMA(Val)'!AE30*AE$49 -> 679.80086 | AF30: ='OD-APUMA(Val)'!AF30*AF$49 -> 4.0981672 | AG30: ='OD-APUMA(Val)'!AG30*AG$49 -> 22.557349 | AH30: ='OD-APUMA(Val)'!AH30*AH$49 -> 15.875818 | AI30: ='OD-APUMA(Val)'!AI30*AI$49 -> 0 | AJ30: ='OD-APUMA(Val)'!AJ30*AJ$49 -> 326.55812 | AK30: ='OD-APUMA(Val)'!AK30*AK$49 -> 0 | AL30: ='OD-APUMA(Val)'!AL30*AL$49 -> 25.929374 | ... AQ30: ='OD-APUMA(Val)'!AQ30*AQ$49 -> 15.704019 | AR30: =SUM('OD-APUMA(Val)'!C30:AQ30) -> 221559 | AS30: =MAX('OD-APUMA(Val)'!C30:AQ30) -> 207935 | AT30: =SUM(C30:AQ30)/AR30 -> 0.0066369723 | AU30: =AT30^4 -> 1.9403498e-09
A31: 90 | B31: 4714869 | C31: ='OD-APUMA(Val)'!C31*C$49 -> 172.67055 | D31: ='OD-APUMA(Val)'!D31*D$49 -> 158.96281 | E31: ='OD-APUMA(Val)'!E31*E$49 -> 84.581557 | F31: ='OD-APUMA(Val)'!F31*F$49 -> 36.257383 | G31: ='OD-APUMA(Val)'!G31*G$49 -> 63.468082 | H31: ='OD-APUMA(Val)'!H31*H$49 -> 4.376448 | I31: ='OD-APUMA(Val)'!I31*I$49 -> 66.373748 | J31: ='OD-APUMA(Val)'!J31*J$49 -> 40.701431 | ... AD31: ='OD-APUMA(Val)'!AD31*AD$49 -> 273.97904 | AE31: 0 | AF31: ='OD-APUMA(Val)'!AF31*AF$49 -> 15.624262 | AG31: ='OD-APUMA(Val)'!AG31*AG$49 -> 18231.544 | AH31: ='OD-APUMA(Val)'!AH31*AH$49 -> 1154.3987 | AI31: ='OD-APUMA(Val)'!AI31*AI$49 -> 65.226999 | AJ31: ='OD-APUMA(Val)'!AJ31*AJ$49 -> 6344.9223 | AK31: ='OD-APUMA(Val)'!AK31*AK$49 -> 0 | AL31: ='OD-APUMA(Val)'!AL31*AL$49 -> 44.450355 | AM31: ='OD-APUMA(Val)'!AM31*AM$49 -> 80.2428 | ... AQ31: ='OD-APUMA(Val)'!AQ31*AQ$49 -> 1645.9775 | AR31: =SUM('OD-APUMA(Val)'!C31:AQ31) -> 4091568 | AS31: =MAX('OD-APUMA(Val)'!C31:AQ31) -> 3859648 | AT31: =SUM(C31:AQ31)/AR31 -> 0.0087841571 | AU31: =AT31^4 -> 5.9538841e-09
A32: 91 | B32: 195273 | C32: ='OD-APUMA(Val)'!C32*C$49 -> 9.9892056 | D32: ='OD-APUMA(Val)'!D32*D$49 -> 0 | E32: ='OD-APUMA(Val)'!E32*E$49 -> 10.190549 | F32: ='OD-APUMA(Val)'!F32*F$49 -> 5.3059585 | G32: ='OD-APUMA(Val)'!G32*G$49 -> 0 | H32: ='OD-APUMA(Val)'!H32*H$49 -> 0 | I32: ='OD-APUMA(Val)'!I32*I$49 -> 0 | J32: ='OD-APUMA(Val)'!J32*J$49 -> 14.536225 | ... AE32: ='OD-APUMA(Val)'!AE32*AE$49 -> 23.201394 | AF32: 0 | AG32: ='OD-APUMA(Val)'!AG32*AG$49 -> 0 | AH32: ='OD-APUMA(Val)'!AH32*AH$49 -> 0 | AI32: ='OD-APUMA(Val)'!AI32*AI$49 -> 0 | AJ32: ='OD-APUMA(Val)'!AJ32*AJ$49 -> 28.063589 | AK32: ='OD-APUMA(Val)'!AK32*AK$49 -> 0 | AL32: ='OD-APUMA(Val)'!AL32*AL$49 -> 0 | AM32: ='OD-APUMA(Val)'!AM32*AM$49 -> 351.06225 | AN32: ='OD-APUMA(Val)'!AN32*AN$49 -> 0 | ... AQ32: ='OD-APUMA(Val)'!AQ32*AQ$49 -> 10.796513 | AR32: =SUM('OD-APUMA(Val)'!C32:AQ32) -> 164359 | AS32: =MAX('OD-APUMA(Val)'!C32:AQ32) -> 152750 | AT32: =SUM(C32:AQ32)/AR32 -> 0.011362688 | AU32: =AT32^4 -> 1.6669569e-08
A33: 92 | B33: 1138865 | C33: ='OD-APUMA(Val)'!C33*C$49 -> 42.810881 | D33: ='OD-APUMA(Val)'!D33*D$49 -> 6.521551 | E33: ='OD-APUMA(Val)'!E33*E$49 -> 28.533537 | F33: ='OD-APUMA(Val)'!F33*F$49 -> 12.38057 | G33: ='OD-APUMA(Val)'!G33*G$49 -> 13.222517 | H33: ='OD-APUMA(Val)'!H33*H$49 -> 1.2504137 | I33: ='OD-APUMA(Val)'!I33*I$49 -> 18.963928 | J33: ='OD-APUMA(Val)'!J33*J$49 -> 0 | ... AF33: ='OD-APUMA(Val)'!AF33*AF$49 -> 0 | AG33: 0 | AH33: ='OD-APUMA(Val)'!AH33*AH$49 -> 1601.1896 | AI33: ='OD-APUMA(Val)'!AI33*AI$49 -> 19.930472 | AJ33: ='OD-APUMA(Val)'!AJ33*AJ$49 -> 1870.0555 | AK33: ='OD-APUMA(Val)'!AK33*AK$49 -> 0 | AL33: ='OD-APUMA(Val)'!AL33*AL$49 -> 22.225177 | AM33: ='OD-APUMA(Val)'!AM33*AM$49 -> 64.19424 | AN33: ='OD-APUMA(Val)'!AN33*AN$49 -> 0 | AO33: ='OD-APUMA(Val)'!AO33*AO$49 -> 37.218285 | ... AQ33: ='OD-APUMA(Val)'!AQ33*AQ$49 -> 35.334044 | AR33: =SUM('OD-APUMA(Val)'!C33:AQ33) -> 1278199 | AS33: =MAX('OD-APUMA(Val)'!C33:AQ33) -> 1047085 | AT33: =SUM(C33:AQ33)/AR33 -> 0.018349954 | AU33: =AT33^4 -> 1.133809e-07
A34: 93 | B34: 687843 | C34: ='OD-APUMA(Val)'!C34*C$49 -> 39.956822 | D34: ='OD-APUMA(Val)'!D34*D$49 -> 22.010235 | E34: ='OD-APUMA(Val)'!E34*E$49 -> 20.381098 | F34: ='OD-APUMA(Val)'!F34*F$49 -> 2.6529793 | G34: ='OD-APUMA(Val)'!G34*G$49 -> 0 | H34: ='OD-APUMA(Val)'!H34*H$49 -> 1.8756206 | I34: ='OD-APUMA(Val)'!I34*I$49 -> 25.285237 | J34: ='OD-APUMA(Val)'!J34*J$49 -> 0 | ... AG34: ='OD-APUMA(Val)'!AG34*AG$49 -> 6517.3387 | AH34: 0 | AI34: ='OD-APUMA(Val)'!AI34*AI$49 -> 14.494889 | AJ34: ='OD-APUMA(Val)'!AJ34*AJ$49 -> 8015.9815 | AK34: ='OD-APUMA(Val)'!AK34*AK$49 -> 0 | AL34: ='OD-APUMA(Val)'!AL34*AL$49 -> 0 | AM34: ='OD-APUMA(Val)'!AM34*AM$49 -> 0 | AN34: ='OD-APUMA(Val)'!AN34*AN$49 -> 0 | AO34: ='OD-APUMA(Val)'!AO34*AO$49 -> 0 | AP34: ='OD-APUMA(Val)'!AP34*AP$49 -> 0 | AQ34: ='OD-APUMA(Val)'!AQ34*AQ$49 -> 8.8335109 | AR34: =SUM('OD-APUMA(Val)'!C34:AQ34) -> 482651 | AS34: =MAX('OD-APUMA(Val)'!C34:AQ34) -> 345176 | AT34: =SUM(C34:AQ34)/AR34 -> 0.038597485 | AU34: =AT34^4 -> 2.2194022e-06
A35: 94 | B35: 559078 | C35: ='OD-APUMA(Val)'!C35*C$49 -> 42.810881 | D35: ='OD-APUMA(Val)'!D35*D$49 -> 30.162173 | E35: ='OD-APUMA(Val)'!E35*E$49 -> 9.1714941 | F35: ='OD-APUMA(Val)'!F35*F$49 -> 7.0746114 | G35: ='OD-APUMA(Val)'!G35*G$49 -> 58.179075 | H35: ='OD-APUMA(Val)'!H35*H$49 -> 2.7092297 | I35: ='OD-APUMA(Val)'!I35*I$49 -> 97.980294 | J35: ='OD-APUMA(Val)'!J35*J$49 -> 47.969544 | ... AH35: ='OD-APUMA(Val)'!AH35*AH$49 -> 0 | AI35: 0 | AJ35: ='OD-APUMA(Val)'!AJ35*AJ$49 -> 25.512353 | AK35: ='OD-APUMA(Val)'!AK35*AK$49 -> 0 | AL35: ='OD-APUMA(Val)'!AL35*AL$49 -> 1807.6478 | AM35: ='OD-APUMA(Val)'!AM35*AM$49 -> 188.57058 | AN35: ='OD-APUMA(Val)'!AN35*AN$49 -> 2327 | AO35: ='OD-APUMA(Val)'!AO35*AO$49 -> 0 | AP35: ='OD-APUMA(Val)'!AP35*AP$49 -> 16.033425 | AQ35: ='OD-APUMA(Val)'!AQ35*AQ$49 -> 0 | AR35: =SUM('OD-APUMA(Val)'!C35:AQ35) -> 482352 | AS35: =MAX('OD-APUMA(Val)'!C35:AQ35) -> 424983 | AT35: =SUM(C35:AQ35)/AR35 -> 0.06157757 | AU35: =AT35^4 -> 1.4377726e-05
A36: 95 | B36: 822029 | C36: ='OD-APUMA(Val)'!C36*C$49 -> 42.810881 | D36: ='OD-APUMA(Val)'!D36*D$49 -> 42.390082 | E36: ='OD-APUMA(Val)'!E36*E$49 -> 42.800306 | F36: ='OD-APUMA(Val)'!F36*F$49 -> 14.149223 | G36: ='OD-APUMA(Val)'!G36*G$49 -> 0 | H36: ='OD-APUMA(Val)'!H36*H$49 -> 0 | I36: ='OD-APUMA(Val)'!I36*I$49 -> 0 | J36: ='OD-APUMA(Val)'!J36*J$49 -> 0 | ... AI36: ='OD-APUMA(Val)'!AI36*AI$49 -> 0 | AJ36: 0 | AK36: ='OD-APUMA(Val)'!AK36*AK$49 -> 0 | AL36: ='OD-APUMA(Val)'!AL36*AL$49 -> 37.041962 | AM36: ='OD-APUMA(Val)'!AM36*AM$49 -> 34.10319 | AN36: ='OD-APUMA(Val)'!AN36*AN$49 -> 0 | AO36: ='OD-APUMA(Val)'!AO36*AO$49 -> 55.827427 | AP36: ='OD-APUMA(Val)'!AP36*AP$49 -> 5.7262234 | AQ36: ='OD-APUMA(Val)'!AQ36*AQ$49 -> 24.53753 | AR36: =SUM('OD-APUMA(Val)'!C36:AQ36) -> 607932 | AS36: =MAX('OD-APUMA(Val)'!C36:AQ36) -> 414232 | AT36: =SUM(C36:AQ36)/AR36 -> 0.036675856 | AU36: =AT36^4 -> 1.8093435e-06
A37: 96 | B37: 1264757 | C37: ='OD-APUMA(Val)'!C37*C$49 -> 62.789292 | D37: ='OD-APUMA(Val)'!D37*D$49 -> 10.59752 | E37: ='OD-APUMA(Val)'!E37*E$49 -> 10.190549 | F37: ='OD-APUMA(Val)'!F37*F$49 -> 26.529793 | G37: ='OD-APUMA(Val)'!G37*G$49 -> 15.867021 | H37: ='OD-APUMA(Val)'!H37*H$49 -> 2.0840229 | I37: ='OD-APUMA(Val)'!I37*I$49 -> 50.570475 | J37: ='OD-APUMA(Val)'!J37*J$49 -> 29.072451 | ... AJ37: ='OD-APUMA(Val)'!AJ37*AJ$49 -> 285.73836 | AK37: 0 | AL37: ='OD-APUMA(Val)'!AL37*AL$49 -> 48.154551 | AM37: ='OD-APUMA(Val)'!AM37*AM$49 -> 62.18817 | AN37: ='OD-APUMA(Val)'!AN37*AN$49 -> 65 | AO37: ='OD-APUMA(Val)'!AO37*AO$49 -> 43.421332 | AP37: ='OD-APUMA(Val)'!AP37*AP$49 -> 20.614404 | AQ37: ='OD-APUMA(Val)'!AQ37*AQ$49 -> 32.38954 | AR37: =SUM('OD-APUMA(Val)'!C37:AQ37) -> 1221532 | AS37: =MAX('OD-APUMA(Val)'!C37:AQ37) -> 1184040 | AT37: =SUM(C37:AQ37)/AR37 -> 0.0065040658 | AU37: =AT37^4 -> 1.789533e-09
A38: 97 | B38: 154115 | C38: ='OD-APUMA(Val)'!C38*C$49 -> 0 | D38: ='OD-APUMA(Val)'!D38*D$49 -> 0 | E38: ='OD-APUMA(Val)'!E38*E$49 -> 0 | F38: ='OD-APUMA(Val)'!F38*F$49 -> 0 | G38: ='OD-APUMA(Val)'!G38*G$49 -> 0 | H38: ='OD-APUMA(Val)'!H38*H$49 -> 0 | I38: ='OD-APUMA(Val)'!I38*I$49 -> 0 | J38: ='OD-APUMA(Val)'!J38*J$49 -> 0 | ... AK38: ='OD-APUMA(Val)'!AK38*AK$49 -> 0 | AL38: 0 | AM38: ='OD-APUMA(Val)'!AM38*AM$49 -> 487.47501 | AN38: ='OD-APUMA(Val)'!AN38*AN$49 -> 234 | AO38: ='OD-APUMA(Val)'!AO38*AO$49 -> 0 | AP38: ='OD-APUMA(Val)'!AP38*AP$49 -> 434.04773 | AQ38: ='OD-APUMA(Val)'!AQ38*AQ$49 -> 0 | AR38: =SUM('OD-APUMA(Val)'!C38:AQ38) -> 109590 | AS38: =MAX('OD-APUMA(Val)'!C38:AQ38) -> 85462 | AT38: =SUM(C38:AQ38)/AR38 -> 0.13136683 | AU38: =AT38^4 -> 0.00029781249
A39: 98 | B39: 686517 | C39: ='OD-APUMA(Val)'!C39*C$49 -> 9.9892056 | D39: ='OD-APUMA(Val)'!D39*D$49 -> 8.9671327 | E39: ='OD-APUMA(Val)'!E39*E$49 -> 18.342988 | F39: ='OD-APUMA(Val)'!F39*F$49 -> 12.38057 | G39: ='OD-APUMA(Val)'!G39*G$49 -> 0 | H39: ='OD-APUMA(Val)'!H39*H$49 -> 0 | I39: ='OD-APUMA(Val)'!I39*I$49 -> 0 | J39: ='OD-APUMA(Val)'!J39*J$49 -> 0 | ... AL39: ='OD-APUMA(Val)'!AL39*AL$49 -> 222.25177 | AM39: 0 | AN39: ='OD-APUMA(Val)'!AN39*AN$49 -> 403 | AO39: ='OD-APUMA(Val)'!AO39*AO$49 -> 130.264 | AP39: ='OD-APUMA(Val)'!AP39*AP$49 -> 13.742936 | AQ39: ='OD-APUMA(Val)'!AQ39*AQ$49 -> 9.8150121 | AR39: =SUM('OD-APUMA(Val)'!C39:AQ39) -> 804063 | AS39: =MAX('OD-APUMA(Val)'!C39:AQ39) -> 714948 | AT39: =SUM(C39:AQ39)/AR39 -> 0.094123646 | AU39: =AT39^4 -> 7.8486502e-05
A40: 99 | B40: 183391 | C40: ='OD-APUMA(Val)'!C40*C$49 -> 14.270294 | D40: ='OD-APUMA(Val)'!D40*D$49 -> 0 | E40: ='OD-APUMA(Val)'!E40*E$49 -> 0 | F40: ='OD-APUMA(Val)'!F40*F$49 -> 0 | G40: ='OD-APUMA(Val)'!G40*G$49 -> 0 | H40: ='OD-APUMA(Val)'!H40*H$49 -> 0 | I40: ='OD-APUMA(Val)'!I40*I$49 -> 0 | J40: ='OD-APUMA(Val)'!J40*J$49 -> 11.62898 | ... AM40: ='OD-APUMA(Val)'!AM40*AM$49 -> 144.43704 | AN40: 0 | AO40: ='OD-APUMA(Val)'!AO40*AO$49 -> 533.46208 | AP40: ='OD-APUMA(Val)'!AP40*AP$49 -> 8.0167127 | AQ40: ='OD-APUMA(Val)'!AQ40*AQ$49 -> 0 | AR40: =SUM('OD-APUMA(Val)'!C40:AQ40) -> 158938 | AS40: =MAX('OD-APUMA(Val)'!C40:AQ40) -> 99255 | AT40: =SUM(C40:AQ40)/AR40 -> 0.29264303 | AU40: =AT40^4 -> 0.0073341995
A41: 100 | B41: 195936 | C41: ='OD-APUMA(Val)'!C41*C$49 -> 17.124352 | D41: ='OD-APUMA(Val)'!D41*D$49 -> 5.7063571 | E41: ='OD-APUMA(Val)'!E41*E$49 -> 10.190549 | F41: ='OD-APUMA(Val)'!F41*F$49 -> 40.679015 | G41: ='OD-APUMA(Val)'!G41*G$49 -> 0 | H41: ='OD-APUMA(Val)'!H41*H$49 -> 0 | I41: ='OD-APUMA(Val)'!I41*I$49 -> 0 | J41: ='OD-APUMA(Val)'!J41*J$49 -> 0 | ... AN41: ='OD-APUMA(Val)'!AN41*AN$49 -> 1768 | AO41: 0 | AP41: ='OD-APUMA(Val)'!AP41*AP$49 -> 0 | AQ41: ='OD-APUMA(Val)'!AQ41*AQ$49 -> 0 | AR41: =SUM('OD-APUMA(Val)'!C41:AQ41) -> 182702 | AS41: =MAX('OD-APUMA(Val)'!C41:AQ41) -> 146120 | AT41: =SUM(C41:AQ41)/AR41 -> 0.16411948 | AU41: =AT41^4 -> 0.00072550522
A42: 101 | B42: 219609 | C42: ='OD-APUMA(Val)'!C42*C$49 -> 22.83247 | D42: ='OD-APUMA(Val)'!D42*D$49 -> 0 | E42: ='OD-APUMA(Val)'!E42*E$49 -> 0 | F42: ='OD-APUMA(Val)'!F42*F$49 -> 0 | G42: ='OD-APUMA(Val)'!G42*G$49 -> 0 | H42: ='OD-APUMA(Val)'!H42*H$49 -> 0 | I42: ='OD-APUMA(Val)'!I42*I$49 -> 0 | J42: ='OD-APUMA(Val)'!J42*J$49 -> 0 | ... AO42: ='OD-APUMA(Val)'!AO42*AO$49 -> 0 | AP42: 0 | AQ42: ='OD-APUMA(Val)'!AQ42*AQ$49 -> 0 | AR42: =SUM('OD-APUMA(Val)'!C42:AQ42) -> 143481 | AS42: =MAX('OD-APUMA(Val)'!C42:AQ42) -> 119210 | AT42: =SUM(C42:AQ42)/AR42 -> 0.070874201 | AU42: =AT42^4 -> 2.5232059e-05
A43: 103 | B43: 331552 | C43: ='OD-APUMA(Val)'!C43*C$49 -> 7.1351468 | D43: ='OD-APUMA(Val)'!D43*D$49 -> 7.3367449 | E43: ='OD-APUMA(Val)'!E43*E$49 -> 4.0762196 | F43: ='OD-APUMA(Val)'!F43*F$49 -> 7.9589378 | G43: ='OD-APUMA(Val)'!G43*G$49 -> 0 | H43: ='OD-APUMA(Val)'!H43*H$49 -> 1.6672183 | I43: ='OD-APUMA(Val)'!I43*I$49 -> 0 | J43: ='OD-APUMA(Val)'!J43*J$49 -> 0 | ... AP43: ='OD-APUMA(Val)'!AP43*AP$49 -> 0 | AQ43: 0 | AR43: =SUM('OD-APUMA(Val)'!C43:AQ43) -> 335556 | AS43: =MAX('OD-APUMA(Val)'!C43:AQ43) -> 249158 | AT43: =SUM(C43:AQ43)/AR43 -> 0.028375867 | AU43: =AT43^4 -> 6.4833064e-07
A44: Grand Total | B44: 15631931 | C44: =SUM(C3:C43) -> 739.20121 | D44: =SUM(D3:D43) -> 402.70578 | E44: =SUM(E3:E43) -> 661.36663 | F44: =SUM(F3:F43) -> 443.04754 | G44: =SUM(G3:G43) -> 2226.6719 | H44: =SUM(H3:H43) -> 62.312284 | I44: =SUM(I3:I43) -> 1185.2455 | J44: =SUM(J3:J43) -> 530.57223 | ... AQ44: =SUM(AQ3:AQ43) -> 2012.0775 | AR44: =SUM('OD-APUMA(Val)'!C44:AQ44) -> 13839891 | AS44: =MAX('OD-APUMA(Val)'!C44:AQ44) -> 4317976 | AT44: =SUM(C44:AQ44)/AR44 -> 0.057440318
A45: 0 | B45: ResidentWorkers | C45: =MAX(C3:C43) -> 172.67055 | D45: =MAX(D3:D43) -> 158.96281 | E45: =MAX(E3:E43) -> 178.33461 | F45: =MAX(F3:F43) -> 99.044559 | G45: =MAX(G3:G43) -> 1182.093 | H45: =MAX(H3:H43) -> 17.714194 | I45: =MAX(I3:I43) -> 455.13427 | J45: =MAX(J3:J43) -> 184.61006 | ... AQ45: =MAX(AQ3:AQ43) -> 1645.9775 | AR45: =SUM('OD-APUMA(Val)'!C45:AQ45) -> 11744720 | AS45: =MAX('OD-APUMA(Val)'!C45:AQ45) -> 3859648 | AT45: =SUM(C45:AQ45)/AR45 -> 0.027090589
A46: 0 | B46: Non-ResidentWorkers | C46: =SUM(C3:C43)-MAX(C3:C43) -> 566.53066 | D46: =SUM(D3:D43)-MAX(D3:D43) -> 243.74297 | E46: =SUM(E3:E43)-MAX(E3:E43) -> 483.03202 | F46: =SUM(F3:F43)-MAX(F3:F43) -> 344.00298 | G46: =SUM(G3:G43)-MAX(G3:G43) -> 1044.5789 | H46: =SUM(H3:H43)-MAX(H3:H43) -> 44.598089 | I46: =SUM(I3:I43)-MAX(I3:I43) -> 730.11123 | J46: =SUM(J3:J43)-MAX(J3:J43) -> 345.96217 | ... AQ46: =SUM(AQ3:AQ43)-MAX(AQ3:AQ43) -> 366.09995 | AR46: =SUM('OD-APUMA(Val)'!C46:AQ46) -> 2095171 | AS46: =MAX('OD-APUMA(Val)'!C46:AQ46) -> 458328 | AT46: =SUM(C46:AQ46)/AR46 -> 0.22756919
A47: 0 | B47: Total Workers | C47: =SUM(C3:C43) -> 739.20121 | D47: =SUM(D3:D43) -> 402.70578 | E47: =SUM(E3:E43) -> 661.36663 | F47: =SUM(F3:F43) -> 443.04754 | G47: =SUM(G3:G43) -> 2226.6719 | H47: =SUM(H3:H43) -> 62.312284 | I47: =SUM(I3:I43) -> 1185.2455 | J47: =SUM(J3:J43) -> 530.57223 | ... AQ47: =SUM(AQ3:AQ43) -> 2012.0775 | AR47: =SUM('OD-APUMA(Val)'!C47:AQ47) -> 13839891 | AS47: =MAX('OD-APUMA(Val)'!C47:AQ47) -> 4317976 | AT47: =SUM(C47:AQ47)/AR47 -> 0.057440318
B49: TollShare | C49: 0.10977149 | D49: 0.062707221 | E49: 0.078388838 | F49: 0.068025109 | G49: 0.20342334 | H49: 0.016030945 | I49: 0.24312728 | J49: 0.11181712 | K49: 0.38705723 | L49: 0.4140076 | M49: 0.61704639 | N49: 1 | O49: 1 | P49: 0.5911722 | Q49: 1 | R49: 0.052072304 | S49: 0.14725313 | T49: 0.052148416 | U49: 0.12919057 | V49: 0.029622798 | W49: 0.014454225 | X49: 0.11222404 | Y49: 0.0010285184 | Z49: 0.044415739 | AA49: 1 | AB49: 1 | AC49: 0.027702813 | AD49: 0.028830795 | AE49: 0.089236133 | AF49: 0.019702727 | AG49: 0.13347544 | AH49: 0.17445954 | AI49: 0.13937393 | AJ49: 0.19624887 | AK49: 0 | AL49: 0.28493817 | AM49: 0.15431308 | AN49: 1 | AO49: 0.47715749 | AP49: 0.088095744 | AQ49: 0.075500093

Sheet NeighborEffect-i=1
A1: Sum of TRIPS | B1: D-APUMA
A2: O-APUMA | B2: 0 | C2: 1 | D2: 2 | E2: 3 | F2: 4 | G2: 5 | H2: 6 | I2: 7 | J2: 8 | K2: 9 | L2: 10 | M2: 11 | N2: 12 | O2: 15 | P2: 19 | Q2: 22 | R2: 26 | S2: 27 | T2: 30 | U2: 31 | V2: 32 | W2: 75 | X2: 76 | Y2: 77 | Z2: 80 | AA2: 86 | AB2: 87 | AC2: 88 | AD2: 89 | AE2: 90 | AF2: 91 | AG2: 92 | AH2: 93 | AI2: 94 | AJ2: 95 | AK2: 96 | AL2: 97 | AM2: 98 | AN2: 99 | AO2: 100 | AP2: 101 | AQ2: 103 | AR2: Work | AS2: Locals | AT2: OutOfStateSum | AU2: N1^4
A3: 1 | B3: 70434 | C3: 0 | D3: ='OD-APUMA(Val)'!D3*D$49 -> 13.858198 | E3: ='OD-APUMA(Val)'!E3*E$49 -> 60.572112 | F3: ='OD-APUMA(Val)'!F3*F$49 -> 7.0393705 | G3: ='OD-APUMA(Val)'!G3*G$49 -> 12.99999 | H3: ='OD-APUMA(Val)'!H3*H$49 -> 1.8327087 | I3: ='OD-APUMA(Val)'!I3*I$49 -> 30.866291 | J3: ='OD-APUMA(Val)'!J3*J$49 -> 0 | K3: ='OD-APUMA(Val)'!K3*K$49 -> 0 | ... AQ3: ='OD-APUMA(Val)'!AQ3*AQ$49 -> 0 | AR3: =SUM('OD-APUMA(Val)'!C3:AQ3) -> 35412 | AS3: =MAX('OD-APUMA(Val)'!C3:AQ3) -> 32903 | AT3: =SUM(C3:AQ3)/AR3 -> 0.005747135 | AU3: =AT3^4 -> 1.0909519e-09
A4: 2 | B4: 70551 | C4: ='OD-APUMA(Val)'!C4*C$49 -> 29.940849 | D4: 0 | E4: ='OD-APUMA(Val)'!E4*E$49 -> 0 | F4: ='OD-APUMA(Val)'!F4*F$49 -> 18.478348 | G4: ='OD-APUMA(Val)'!G4*G$49 -> 0 | H4: ='OD-APUMA(Val)'!H4*H$49 -> 0 | I4: ='OD-APUMA(Val)'!I4*I$49 -> 0 | J4: ='OD-APUMA(Val)'!J4*J$49 -> 0 | K4: ='OD-APUMA(Val)'!K4*K$49 -> 0 | L4: ='OD-APUMA(Val)'!L4*L$49 -> 0 | ... AQ4: ='OD-APUMA(Val)'!AQ4*AQ$49 -> 0 | AR4: =SUM('OD-APUMA(Val)'!C4:AQ4) -> 50492 | AS4: =MAX('OD-APUMA(Val)'!C4:AQ4) -> 49764 | AT4: =SUM(C4:AQ4)/AR4 -> 0.0014899773 | AU4: =AT4^4 -> 4.9285435e-12
A5: 3 | B5: 93327 | C5: ='OD-APUMA(Val)'!C5*C$49 -> 71.287735 | D5: ='OD-APUMA(Val)'!D5*D$49 -> 7.3366931 | E5: 0 | F5: ='OD-APUMA(Val)'!F5*F$49 -> 3.5196853 | G5: ='OD-APUMA(Val)'!G5*G$49 -> 246.99982 | H5: ='OD-APUMA(Val)'!H5*H$49 -> 1.4254401 | I5: ='OD-APUMA(Val)'!I5*I$49 -> 0 | J5: ='OD-APUMA(Val)'!J5*J$49 -> 0 | K5: ='OD-APUMA(Val)'!K5*K$49 -> 0 | L5: ='OD-APUMA(Val)'!L5*L$49 -> 25.187687 | M5: ='OD-APUMA(Val)'!M5*M$49 -> 0 | ... AQ5: ='OD-APUMA(Val)'!AQ5*AQ$49 -> 0 | AR5: =SUM('OD-APUMA(Val)'!C5:AQ5) -> 59163 | AS5: =MAX('OD-APUMA(Val)'!C5:AQ5) -> 55562 | AT5: =SUM(C5:AQ5)/AR5 -> 0.0095007557 | AU5: =AT5^4 -> 8.1476546e-09
A6: 4 | B6: 79183 | C6: ='OD-APUMA(Val)'!C6*C$49 -> 0 | D6: ='OD-APUMA(Val)'!D6*D$49 -> 0 | E6: ='OD-APUMA(Val)'!E6*E$49 -> 0 | F6: 0 | G6: ='OD-APUMA(Val)'!G6*G$49 -> 7.7999943 | H6: ='OD-APUMA(Val)'!H6*H$49 -> 0 | I6: ='OD-APUMA(Val)'!I6*I$49 -> 13.939615 | J6: ='OD-APUMA(Val)'!J6*J$49 -> 6.8855879 | K6: ='OD-APUMA(Val)'!K6*K$49 -> 7.594625 | L6: ='OD-APUMA(Val)'!L6*L$49 -> 0 | M6: ='OD-APUMA(Val)'!M6*M$49 -> 0 | N6: ='OD-APUMA(Val)'!N6*N$49 -> 0 | ... AQ6: ='OD-APUMA(Val)'!AQ6*AQ$49 -> 0 | AR6: =SUM('OD-APUMA(Val)'!C6:AQ6) -> 51012 | AS6: =MAX('OD-APUMA(Val)'!C6:AQ6) -> 47697 | AT6: =SUM(C6:AQ6)/AR6 -> 0.0078359447 | AU6: =AT6^4 -> 3.7702092e-09
A7: 5 | B7: 66183 | C7: ='OD-APUMA(Val)'!C7*C$49 -> 0 | D7: ='OD-APUMA(Val)'!D7*D$49 -> 33.422713 | E7: ='OD-APUMA(Val)'!E7*E$49 -> 176.66866 | F7: ='OD-APUMA(Val)'!F7*F$49 -> 4.3996066 | G7: 0 | H7: ='OD-APUMA(Val)'!H7*H$49 -> 17.308916 | I7: ='OD-APUMA(Val)'!I7*I$49 -> 43.810219 | J7: ='OD-APUMA(Val)'!J7*J$49 -> 0 | K7: ='OD-APUMA(Val)'!K7*K$49 -> 0 | L7: ='OD-APUMA(Val)'!L7*L$49 -> 0 | M7: ='OD-APUMA(Val)'!M7*M$49 -> 39.206249 | N7: ='OD-APUMA(Val)'!N7*N$49 -> 0 | O7: ='OD-APUMA(Val)'!O7*O$49 -> 0 | ... AQ7: ='OD-APUMA(Val)'!AQ7*AQ$49 -> 0 | AR7: =SUM('OD-APUMA(Val)'!C7:AQ7) -> 34164 | AS7: =MAX('OD-APUMA(Val)'!C7:AQ7) -> 28613 | AT7: =SUM(C7:AQ7)/AR7 -> 0.013970286 | AU7: =AT7^4 -> 3.80909e-08
A8: 6 | B8: 111722 | C8: ='OD-APUMA(Val)'!C8*C$49 -> 32.792358 | D8: ='OD-APUMA(Val)'!D8*D$49 -> 0 | E8: ='OD-APUMA(Val)'!E8*E$49 -> 5.047676 | F8: ='OD-APUMA(Val)'!F8*F$49 -> 0 | G8: ='OD-APUMA(Val)'!G8*G$49 -> 278.1998 | H8: 0 | I8: ='OD-APUMA(Val)'!I8*I$49 -> 19.913736 | J8: ='OD-APUMA(Val)'!J8*J$49 -> 97.163296 | K8: ='OD-APUMA(Val)'!K8*K$49 -> 13.670325 | L8: ='OD-APUMA(Val)'!L8*L$49 -> 0 | M8: ='OD-APUMA(Val)'!M8*M$49 -> 32.07784 | N8: ='OD-APUMA(Val)'!N8*N$49 -> 0 | O8: ='OD-APUMA(Val)'!O8*O$49 -> 0 | P8: ='OD-APUMA(Val)'!P8*P$49 -> 0 | ... AQ8: ='OD-APUMA(Val)'!AQ8*AQ$49 -> 0 | AR8: =SUM('OD-APUMA(Val)'!C8:AQ8) -> 67522 | AS8: =MAX('OD-APUMA(Val)'!C8:AQ8) -> 62647 | AT8: =SUM(C8:AQ8)/AR8 -> 0.0079925608 | AU8: =AT8^4 -> 4.0807858e-09
A9: 7 | B9: 61087 | C9: ='OD-APUMA(Val)'!C9*C$49 -> 11.406038 | D9: ='OD-APUMA(Val)'!D9*D$49 -> 0 | E9: ='OD-APUMA(Val)'!E9*E$49 -> 48.457689 | F9: ='OD-APUMA(Val)'!F9*F$49 -> 25.517718 | G9: ='OD-APUMA(Val)'!G9*G$49 -> 15.599989 | H9: ='OD-APUMA(Val)'!H9*H$49 -> 3.2581489 | I9: 0 | J9: ='OD-APUMA(Val)'!J9*J$49 -> 38.253266 | K9: ='OD-APUMA(Val)'!K9*K$49 -> 9.11355 | L9: ='OD-APUMA(Val)'!L9*L$49 -> 0 | M9: ='OD-APUMA(Val)'!M9*M$49 -> 1047.8761 | N9: ='OD-APUMA(Val)'!N9*N$49 -> 0 | O9: ='OD-APUMA(Val)'!O9*O$49 -> 0 | P9: ='OD-APUMA(Val)'!P9*P$49 -> 40.7307 | Q9: ='OD-APUMA(Val)'!Q9*Q$49 -> 31.275254 | ... AQ9: ='OD-APUMA(Val)'!AQ9*AQ$49 -> 0 | AR9: =SUM('OD-APUMA(Val)'!C9:AQ9) -> 41067 | AS9: =MAX('OD-APUMA(Val)'!C9:AQ9) -> 32396 | AT9: =SUM(C9:AQ9)/AR9 -> 0.0368948 | AU9: =AT9^4 -> 1.852937e-06
A10: 8 | B10: 74074 | C10: ='OD-APUMA(Val)'!C10*C$49 -> 0 | D10: ='OD-APUMA(Val)'!D10*D$49 -> 0 | E10: ='OD-APUMA(Val)'!E10*E$49 -> 0 | F10: ='OD-APUMA(Val)'!F10*F$49 -> 0 | G10: ='OD-APUMA(Val)'!G10*G$49 -> 80.599941 | H10: ='OD-APUMA(Val)'!H10*H$49 -> 10.38535 | I10: ='OD-APUMA(Val)'!I10*I$49 -> 23.896483 | J10: 0 | K10: ='OD-APUMA(Val)'!K10*K$49 -> 0 | L10: ='OD-APUMA(Val)'!L10*L$49 -> 420.9942 | M10: ='OD-APUMA(Val)'!M10*M$49 -> 327.90681 | N10: ='OD-APUMA(Val)'!N10*N$49 -> 0 | O10: ='OD-APUMA(Val)'!O10*O$49 -> 0 | P10: ='OD-APUMA(Val)'!P10*P$49 -> 0 | Q10: ='OD-APUMA(Val)'!Q10*Q$49 -> 0 | R10: ='OD-APUMA(Val)'!R10*R$49 -> 0 | ... AQ10: ='OD-APUMA(Val)'!AQ10*AQ$49 -> 0 | AR10: =SUM('OD-APUMA(Val)'!C10:AQ10) -> 46839 | AS10: =MAX('OD-APUMA(Val)'!C10:AQ10) -> 38493 | AT10: =SUM(C10:AQ10)/AR10 -> 0.02770686 | AU10: =AT10^4 -> 5.8931735e-07
A11: 9 | B11: 57291 | C11: ='OD-APUMA(Val)'!C11*C$49 -> 15.683302 | D11: ='OD-APUMA(Val)'!D11*D$49 -> 0 | E11: ='OD-APUMA(Val)'!E11*E$49 -> 0 | F11: ='OD-APUMA(Val)'!F11*F$49 -> 14.078741 | G11: ='OD-APUMA(Val)'!G11*G$49 -> 0 | H11: ='OD-APUMA(Val)'!H11*H$49 -> 0 | I11: ='OD-APUMA(Val)'!I11*I$49 -> 0 | J11: ='OD-APUMA(Val)'!J11*J$49 -> 0 | K11: 0 | L11: ='OD-APUMA(Val)'!L11*L$49 -> 28.785928 | M11: ='OD-APUMA(Val)'!M11*M$49 -> 0 | N11: ='OD-APUMA(Val)'!N11*N$49 -> 0 | O11: ='OD-APUMA(Val)'!O11*O$49 -> 96.514747 | P11: ='OD-APUMA(Val)'!P11*P$49 -> 312.2687 | Q11: ='OD-APUMA(Val)'!Q11*Q$49 -> 52.125423 | R11: ='OD-APUMA(Val)'!R11*R$49 -> 0 | S11: ='OD-APUMA(Val)'!S11*S$49 -> 0 | ... AQ11: ='OD-APUMA(Val)'!AQ11*AQ$49 -> 0 | AR11: =SUM('OD-APUMA(Val)'!C11:AQ11) -> 51909 | AS11: =MAX('OD-APUMA(Val)'!C11:AQ11) -> 37791 | AT11: =SUM(C11:AQ11)/AR11 -> 0.041640529 | AU11: =AT11^4 -> 3.006526e-06
A12: 10 | B12: 75231 | C12: ='OD-APUMA(Val)'!C12*C$49 -> 7.1287735 | D12: ='OD-APUMA(Val)'!D12*D$49 -> 0 | E12: ='OD-APUMA(Val)'!E12*E$49 -> 17.162098 | F12: ='OD-APUMA(Val)'!F12*F$49 -> 0 | G12: ='OD-APUMA(Val)'!G12*G$49 -> 36.399973 | H12: ='OD-APUMA(Val)'!H12*H$49 -> 3.4617832 | I12: ='OD-APUMA(Val)'!I12*I$49 -> 0 | J12: ='OD-APUMA(Val)'!J12*J$49 -> 29.837548 | K12: ='OD-APUMA(Val)'!K12*K$49 -> 19.746025 | L12: 0 | M12: ='OD-APUMA(Val)'!M12*M$49 -> 57.027272 | N12: ='OD-APUMA(Val)'!N12*N$49 -> 14.777067 | O12: ='OD-APUMA(Val)'!O12*O$49 -> 0 | P12: ='OD-APUMA(Val)'!P12*P$49 -> 0 | Q12: ='OD-APUMA(Val)'!Q12*Q$49 -> 20.850169 | R12: ='OD-APUMA(Val)'!R12*R$49 -> 4.3208138 | S12: ='OD-APUMA(Val)'!S12*S$49 -> 0 | T12: ='OD-APUMA(Val)'!T12*T$49 -> 0 | ... AQ12: ='OD-APUMA(Val)'!AQ12*AQ$49 -> 0 | AR12: =SUM('OD-APUMA(Val)'!C12:AQ12) -> 66885 | AS12: =MAX('OD-APUMA(Val)'!C12:AQ12) -> 44408 | AT12: =SUM(C12:AQ12)/AR12 -> 0.035151378 | AU12: =AT12^4 -> 1.5267553e-06
A13: 11 | B13: 90948 | C13: ='OD-APUMA(Val)'!C13*C$49 -> 0 | D13: ='OD-APUMA(Val)'!D13*D$49 -> 0 | E13: ='OD-APUMA(Val)'!E13*E$49 -> 33.314661 | F13: ='OD-APUMA(Val)'!F13*F$49 -> 98.551187 | G13: ='OD-APUMA(Val)'!G13*G$49 -> 83.199939 | H13: ='OD-APUMA(Val)'!H13*H$49 -> 0 | I13: ='OD-APUMA(Val)'!I13*I$49 -> 143.3789 | J13: ='OD-APUMA(Val)'!J13*J$49 -> 14.536241 | ... L13: ='OD-APUMA(Val)'!L13*L$49 -> 313.04697 | M13: 0 | N13: ='OD-APUMA(Val)'!N13*N$49 -> 7.8811025 | O13: ='OD-APUMA(Val)'!O13*O$49 -> 0 | P13: ='OD-APUMA(Val)'!P13*P$49 -> 31.679433 | Q13: ='OD-APUMA(Val)'!Q13*Q$49 -> 6.9500564 | R13: ='OD-APUMA(Val)'!R13*R$49 -> 11.52217 | S13: ='OD-APUMA(Val)'!S13*S$49 -> 0 | T13: ='OD-APUMA(Val)'!T13*T$49 -> 0 | U13: ='OD-APUMA(Val)'!U13*U$49 -> 0 | ... AQ13: ='OD-APUMA(Val)'!AQ13*AQ$49 -> 7.7763407 | AR13: =SUM('OD-APUMA(Val)'!C13:AQ13) -> 80626 | AS13: =MAX('OD-APUMA(Val)'!C13:AQ13) -> 46007 | AT13: =SUM(C13:AQ13)/AR13 -> 0.044194952 | AU13: =AT13^4 -> 3.8149659e-06
A14: 12 | B14: 66781 | C14: ='OD-APUMA(Val)'!C14*C$49 -> 0 | D14: ='OD-APUMA(Val)'!D14*D$49 -> 8.9670693 | E14: ='OD-APUMA(Val)'!E14*E$49 -> 23.219309 | F14: ='OD-APUMA(Val)'!F14*F$49 -> 0 | G14: ='OD-APUMA(Val)'!G14*G$49 -> 1162.1991 | H14: ='OD-APUMA(Val)'!H14*H$49 -> 2.2399773 | I14: ='OD-APUMA(Val)'!I14*I$49 -> 9.9568679 | J14: ='OD-APUMA(Val)'!J14*J$49 -> 0 | ... M14: ='OD-APUMA(Val)'!M14*M$49 -> 452.65397 | N14: 0 | O14: ='OD-APUMA(Val)'!O14*O$49 -> 0 | P14: ='OD-APUMA(Val)'!P14*P$49 -> 54.3076 | Q14: ='OD-APUMA(Val)'!Q14*Q$49 -> 48.650395 | R14: ='OD-APUMA(Val)'!R14*R$49 -> 11.52217 | S14: ='OD-APUMA(Val)'!S14*S$49 -> 0 | T14: ='OD-APUMA(Val)'!T14*T$49 -> 0 | U14: ='OD-APUMA(Val)'!U14*U$49 -> 0 | V14: ='OD-APUMA(Val)'!V14*V$49 -> 0 | ... AQ14: ='OD-APUMA(Val)'!AQ14*AQ$49 -> 3.8881704 | AR14: =SUM('OD-APUMA(Val)'!C14:AQ14) -> 56082 | AS14: =MAX('OD-APUMA(Val)'!C14:AQ14) -> 30693 | AT14: =SUM(C14:AQ14)/AR14 -> 0.061739167 | AU14: =AT14^4 -> 1.4529245e-05
A15: 15 | B15: 103519 | C15: ='OD-APUMA(Val)'!C15*C$49 -> 0 | D15: ='OD-APUMA(Val)'!D15*D$49 -> 0 | E15: ='OD-APUMA(Val)'!E15*E$49 -> 8.0762816 | F15: ='OD-APUMA(Val)'!F15*F$49 -> 8.7992131 | G15: ='OD-APUMA(Val)'!G15*G$49 -> 0 | H15: ='OD-APUMA(Val)'!H15*H$49 -> 0 | I15: ='OD-APUMA(Val)'!I15*I$49 -> 0 | J15: ='OD-APUMA(Val)'!J15*J$49 -> 11.47598 | ... N15: ='OD-APUMA(Val)'!N15*N$49 -> 0 | O15: 0 | P15: ='OD-APUMA(Val)'!P15*P$49 -> 11522.262 | Q15: ='OD-APUMA(Val)'!Q15*Q$49 -> 1000.8081 | R15: ='OD-APUMA(Val)'!R15*R$49 -> 0 | S15: ='OD-APUMA(Val)'!S15*S$49 -> 0 | T15: ='OD-APUMA(Val)'!T15*T$49 -> 0 | U15: ='OD-APUMA(Val)'!U15*U$49 -> 0 | V15: ='OD-APUMA(Val)'!V15*V$49 -> 0 | W15: ='OD-APUMA(Val)'!W15*W$49 -> 0 | ... AQ15: ='OD-APUMA(Val)'!AQ15*AQ$49 -> 0 | AR15: =SUM('OD-APUMA(Val)'!C15:AQ15) -> 124878 | AS15: =MAX('OD-APUMA(Val)'!C15:AQ15) -> 72592 | AT15: =SUM(C15:AQ15)/AR15 -> 0.11959379 | AU15: =AT15^4 -> 0.00020456651
A16: 19 | B16: 347230 | C16: ='OD-APUMA(Val)'!C16*C$49 -> 15.683302 | D16: ='OD-APUMA(Val)'!D16*D$49 -> 4.8911287 | E16: ='OD-APUMA(Val)'!E16*E$49 -> 12.114422 | F16: ='OD-APUMA(Val)'!F16*F$49 -> 12.318898 | G16: ='OD-APUMA(Val)'!G16*G$49 -> 0 | H16: ='OD-APUMA(Val)'!H16*H$49 -> 0 | I16: ='OD-APUMA(Val)'!I16*I$49 -> 5.9741208 | J16: ='OD-APUMA(Val)'!J16*J$49 -> 0 | ... O16: ='OD-APUMA(Val)'!O16*O$49 -> 921.27713 | P16: 0 | Q16: ='OD-APUMA(Val)'!Q16*Q$49 -> 7857.0388 | R16: ='OD-APUMA(Val)'!R16*R$49 -> 0 | S16: ='OD-APUMA(Val)'!S16*S$49 -> 0 | T16: ='OD-APUMA(Val)'!T16*T$49 -> 0 | U16: ='OD-APUMA(Val)'!U16*U$49 -> 0 | V16: ='OD-APUMA(Val)'!V16*V$49 -> 3.0784704 | W16: ='OD-APUMA(Val)'!W16*W$49 -> 0 | X16: ='OD-APUMA(Val)'!X16*X$49 -> 23.47373 | ... AQ16: ='OD-APUMA(Val)'!AQ16*AQ$49 -> 0 | AR16: =SUM('OD-APUMA(Val)'!C16:AQ16) -> 385580 | AS16: =MAX('OD-APUMA(Val)'!C16:AQ16) -> 313768 | AT16: =SUM(C16:AQ16)/AR16 -> 0.040551834 | AU16: =AT16^4 -> 2.70422e-06
A17: 22 | B17: 313391 | C17: ='OD-APUMA(Val)'!C17*C$49 -> 18.534811 | D17: ='OD-APUMA(Val)'!D17*D$49 -> 0 | E17: ='OD-APUMA(Val)'!E17*E$49 -> 17.162098 | F17: ='OD-APUMA(Val)'!F17*F$49 -> 0 | G17: ='OD-APUMA(Val)'!G17*G$49 -> 36.399973 | H17: ='OD-APUMA(Val)'!H17*H$49 -> 0 | I17: ='OD-APUMA(Val)'!I17*I$49 -> 0 | J17: ='OD-APUMA(Val)'!J17*J$49 -> 0 | ... P17: ='OD-APUMA(Val)'!P17*P$49 -> 28172.067 | Q17: 0 | R17: ='OD-APUMA(Val)'!R17*R$49 -> 0 | S17: ='OD-APUMA(Val)'!S17*S$49 -> 0 | T17: ='OD-APUMA(Val)'!T17*T$49 -> 0 | U17: ='OD-APUMA(Val)'!U17*U$49 -> 0 | V17: ='OD-APUMA(Val)'!V17*V$49 -> 0 | W17: ='OD-APUMA(Val)'!W17*W$49 -> 0 | X17: ='OD-APUMA(Val)'!X17*X$49 -> 25.514924 | Y17: ='OD-APUMA(Val)'!Y17*Y$49 -> 0 | ... AQ17: ='OD-APUMA(Val)'!AQ17*AQ$49 -> 0 | AR17: =SUM('OD-APUMA(Val)'!C17:AQ17) -> 350818 | AS17: =MAX('OD-APUMA(Val)'!C17:AQ17) -> 203580 | AT17: =SUM(C17:AQ17)/AR17 -> 0.10743333 | AU17: =AT17^4 -> 0.00013321593
A18: 26 | B18: 95186 | C18: ='OD-APUMA(Val)'!C18*C$49 -> 0 | D18: ='OD-APUMA(Val)'!D18*D$49 -> 0 | E18: ='OD-APUMA(Val)'!E18*E$49 -> 2.0190704 | F18: ='OD-APUMA(Val)'!F18*F$49 -> 0 | G18: ='OD-APUMA(Val)'!G18*G$49 -> 41.599969 | H18: ='OD-APUMA(Val)'!H18*H$49 -> 0 | I18: ='OD-APUMA(Val)'!I18*I$49 -> 0 | J18: ='OD-APUMA(Val)'!J18*J$49 -> 0 | ... Q18: ='OD-APUMA(Val)'!Q18*Q$49 -> 79.925649 | R18: 0 | S18: ='OD-APUMA(Val)'!S18*S$49 -> 70.798412 | T18: ='OD-APUMA(Val)'!T18*T$49 -> 6.6372307 | U18: ='OD-APUMA(Val)'!U18*U$49 -> 0 | V18: ='OD-APUMA(Val)'!V18*V$49 -> 0 | W18: ='OD-APUMA(Val)'!W18*W$49 -> 0 | X18: ='OD-APUMA(Val)'!X18*X$49 -> 0 | Y18: ='OD-APUMA(Val)'!Y18*Y$49 -> 0 | Z18: ='OD-APUMA(Val)'!Z18*Z$49 -> 0 | ... AQ18: ='OD-APUMA(Val)'!AQ18*AQ$49 -> 0 | AR18: =SUM('OD-APUMA(Val)'!C18:AQ18) -> 59358 | AS18: =MAX('OD-APUMA(Val)'!C18:AQ18) -> 49543 | AT18: =SUM(C18:AQ18)/AR18 -> 0.020259834 | AU18: =AT18^4 -> 1.6847814e-07
A19: 27 | B19: 78299 | C19: ='OD-APUMA(Val)'!C19*C$49 -> 0 | D19: ='OD-APUMA(Val)'!D19*D$49 -> 0 | E19: ='OD-APUMA(Val)'!E19*E$49 -> 0 | F19: ='OD-APUMA(Val)'!F19*F$49 -> 0 | G19: ='OD-APUMA(Val)'!G19*G$49 -> 0 | H19: ='OD-APUMA(Val)'!H19*H$49 -> 0 | I19: ='OD-APUMA(Val)'!I19*I$49 -> 0 | J19: ='OD-APUMA(Val)'!J19*J$49 -> 0 | ... R19: ='OD-APUMA(Val)'!R19*R$49 -> 15.842984 | S19: 0 | T19: ='OD-APUMA(Val)'!T19*T$49 -> 56.416461 | U19: ='OD-APUMA(Val)'!U19*U$49 -> 20.144981 | V19: ='OD-APUMA(Val)'!V19*V$49 -> 2.3088528 | W19: ='OD-APUMA(Val)'!W19*W$49 -> 1.8649738 | X19: ='OD-APUMA(Val)'!X19*X$49 -> 27.556118 | Y19: ='OD-APUMA(Val)'!Y19*Y$49 -> 0.013130388 | Z19: ='OD-APUMA(Val)'!Z19*Z$49 -> 0 | AA19: ='OD-APUMA(Val)'!AA19*AA$49 -> 19.577861 | ... AQ19: ='OD-APUMA(Val)'!AQ19*AQ$49 -> 0 | AR19: =SUM('OD-APUMA(Val)'!C19:AQ19) -> 50674 | AS19: =MAX('OD-APUMA(Val)'!C19:AQ19) -> 34346 | AT19: =SUM(C19:AQ19)/AR19 -> 0.018747428 | AU19: =AT19^4 -> 1.235284e-07
A20: 30 | B20: 108225 | C20: ='OD-APUMA(Val)'!C20*C$49 -> 0 | D20: ='OD-APUMA(Val)'!D20*D$49 -> 0 | E20: ='OD-APUMA(Val)'!E20*E$49 -> 0 | F20: ='OD-APUMA(Val)'!F20*F$49 -> 0 | G20: ='OD-APUMA(Val)'!G20*G$49 -> 0 | H20: ='OD-APUMA(Val)'!H20*H$49 -> 0 | I20: ='OD-APUMA(Val)'!I20*I$49 -> 0 | J20: ='OD-APUMA(Val)'!J20*J$49 -> 0 | ... S20: ='OD-APUMA(Val)'!S20*S$49 -> 171.68615 | T20: 0 | U20: ='OD-APUMA(Val)'!U20*U$49 -> 25.181227 | V20: ='OD-APUMA(Val)'!V20*V$49 -> 0 | W20: ='OD-APUMA(Val)'!W20*W$49 -> 0 | X20: ='OD-APUMA(Val)'!X20*X$49 -> 0 | Y20: ='OD-APUMA(Val)'!Y20*Y$49 -> 0 | Z20: ='OD-APUMA(Val)'!Z20*Z$49 -> 0 | AA20: ='OD-APUMA(Val)'!AA20*AA$49 -> 11.187349 | AB20: ='OD-APUMA(Val)'!AB20*AB$49 -> 0 | ... AQ20: ='OD-APUMA(Val)'!AQ20*AQ$49 -> 0 | AR20: =SUM('OD-APUMA(Val)'!C20:AQ20) -> 68432 | AS20: =MAX('OD-APUMA(Val)'!C20:AQ20) -> 59956 | AT20: =SUM(C20:AQ20)/AR20 -> 0.01050081 | AU20: =AT20^4 -> 1.2158815e-08
A21: 31 | B21: 63609 | C21: ='OD-APUMA(Val)'!C21*C$49 -> 0 | D21: ='OD-APUMA(Val)'!D21*D$49 -> 0 | E21: ='OD-APUMA(Val)'!E21*E$49 -> 0 | F21: ='OD-APUMA(Val)'!F21*F$49 -> 0 | G21: ='OD-APUMA(Val)'!G21*G$49 -> 0 | H21: ='OD-APUMA(Val)'!H21*H$49 -> 0 | I21: ='OD-APUMA(Val)'!I21*I$49 -> 0 | J21: ='OD-APUMA(Val)'!J21*J$49 -> 0 | ... T21: ='OD-APUMA(Val)'!T21*T$49 -> 0 | U21: 0 | V21: ='OD-APUMA(Val)'!V21*V$49 -> 3.4632792 | W21: ='OD-APUMA(Val)'!W21*W$49 -> 20.328214 | X21: ='OD-APUMA(Val)'!X21*X$49 -> 0 | Y21: ='OD-APUMA(Val)'!Y21*Y$49 -> 0 | Z21: ='OD-APUMA(Val)'!Z21*Z$49 -> 22.497274 | AA21: ='OD-APUMA(Val)'!AA21*AA$49 -> 36.358884 | AB21: ='OD-APUMA(Val)'!AB21*AB$49 -> 0 | AC21: ='OD-APUMA(Val)'!AC21*AC$49 -> 68.364677 | ... AQ21: ='OD-APUMA(Val)'!AQ21*AQ$49 -> 0 | AR21: =SUM('OD-APUMA(Val)'!C21:AQ21) -> 35698 | AS21: =MAX('OD-APUMA(Val)'!C21:AQ21) -> 30563 | AT21: =SUM(C21:AQ21)/AR21 -> 0.0049977367 | AU21: =AT21^4 -> 6.2386914e-10
A22: 32 | B22: 187317 | C22: ='OD-APUMA(Val)'!C22*C$49 -> 0 | D22: ='OD-APUMA(Val)'!D22*D$49 -> 0 | E22: ='OD-APUMA(Val)'!E22*E$49 -> 5.047676 | F22: ='OD-APUMA(Val)'!F22*F$49 -> 0 | G22: ='OD-APUMA(Val)'!G22*G$49 -> 0 | H22: ='OD-APUMA(Val)'!H22*H$49 -> 0 | I22: ='OD-APUMA(Val)'!I22*I$49 -> 0 | J22: ='OD-APUMA(Val)'!J22*J$49 -> 0 | ... U22: ='OD-APUMA(Val)'!U22*U$49 -> 0 | V22: 0 | W22: ='OD-APUMA(Val)'!W22*W$49 -> 0 | X22: ='OD-APUMA(Val)'!X22*X$49 -> 0 | Y22: ='OD-APUMA(Val)'!Y22*Y$49 -> 0 | Z22: ='OD-APUMA(Val)'!Z22*Z$49 -> 226.7033 | AA22: ='OD-APUMA(Val)'!AA22*AA$49 -> 33.562047 | AB22: ='OD-APUMA(Val)'!AB22*AB$49 -> 0 | AC22: ='OD-APUMA(Val)'!AC22*AC$49 -> 3.9372327 | AD22: ='OD-APUMA(Val)'!AD22*AD$49 -> 0 | ... AQ22: ='OD-APUMA(Val)'!AQ22*AQ$49 -> 100.4444 | AR22: =SUM('OD-APUMA(Val)'!C22:AQ22) -> 180141 | AS22: =MAX('OD-APUMA(Val)'!C22:AQ22) -> 169559 | AT22: =SUM(C22:AQ22)/AR22 -> 0.0039608643 | AU22: =AT22^4 -> 2.4612734e-10
A23: 75 | B23: 192426 | C23: ='OD-APUMA(Val)'!C23*C$49 -> 0 | D23: ='OD-APUMA(Val)'!D23*D$49 -> 6.521505 | E23: ='OD-APUMA(Val)'!E23*E$49 -> 0 | F23: ='OD-APUMA(Val)'!F23*F$49 -> 0 | G23: ='OD-APUMA(Val)'!G23*G$49 -> 0 | H23: ='OD-APUMA(Val)'!H23*H$49 -> 0 | I23: ='OD-APUMA(Val)'!I23*I$49 -> 0 | J23: ='OD-APUMA(Val)'!J23*J$49 -> 0 | ... V23: ='OD-APUMA(Val)'!V23*V$49 -> 0 | W23: 0 | X23: ='OD-APUMA(Val)'!X23*X$49 -> 0 | Y23: ='OD-APUMA(Val)'!Y23*Y$49 -> 0 | Z23: ='OD-APUMA(Val)'!Z23*Z$49 -> 2.8842658 | AA23: ='OD-APUMA(Val)'!AA23*AA$49 -> 0 | AB23: ='OD-APUMA(Val)'!AB23*AB$49 -> 19.197844 | AC23: ='OD-APUMA(Val)'!AC23*AC$49 -> 154.9838 | AD23: ='OD-APUMA(Val)'!AD23*AD$49 -> 75.546709 | AE23: ='OD-APUMA(Val)'!AE23*AE$49 -> 44.006854 | ... AQ23: ='OD-APUMA(Val)'!AQ23*AQ$49 -> 0 | AR23: =SUM('OD-APUMA(Val)'!C23:AQ23) -> 118170 | AS23: =MAX('OD-APUMA(Val)'!C23:AQ23) -> 106184 | AT23: =SUM(C23:AQ23)/AR23 -> 0.0058914013 | AU23: =AT23^4 -> 1.2046876e-09
A24: 76 | B24: 116324 | C24: ='OD-APUMA(Val)'!C24*C$49 -> 0 | D24: ='OD-APUMA(Val)'!D24*D$49 -> 0 | E24: ='OD-APUMA(Val)'!E24*E$49 -> 0 | F24: ='OD-APUMA(Val)'!F24*F$49 -> 9.6791345 | G24: ='OD-APUMA(Val)'!G24*G$49 -> 0 | H24: ='OD-APUMA(Val)'!H24*H$49 -> 0 | I24: ='OD-APUMA(Val)'!I24*I$49 -> 0 | J24: ='OD-APUMA(Val)'!J24*J$49 -> 0 | ... W24: ='OD-APUMA(Val)'!W24*W$49 -> 0 | X24: 0 | Y24: ='OD-APUMA(Val)'!Y24*Y$49 -> 0 | Z24: ='OD-APUMA(Val)'!Z24*Z$49 -> 0 | AA24: ='OD-APUMA(Val)'!AA24*AA$49 -> 187.3881 | AB24: ='OD-APUMA(Val)'!AB24*AB$49 -> 38.395688 | AC24: ='OD-APUMA(Val)'!AC24*AC$49 -> 1.431721 | AD24: ='OD-APUMA(Val)'!AD24*AD$49 -> 7.8538658 | AE24: ='OD-APUMA(Val)'!AE24*AE$49 -> 22.003427 | AF24: ='OD-APUMA(Val)'!AF24*AF$49 -> 86.328623 | ... AQ24: ='OD-APUMA(Val)'!AQ24*AQ$49 -> 4.5361988 | AR24: =SUM('OD-APUMA(Val)'!C24:AQ24) -> 112996 | AS24: =MAX('OD-APUMA(Val)'!C24:AQ24) -> 88868 | AT24: =SUM(C24:AQ24)/AR24 -> 0.024748507 | AU24: =AT24^4 -> 3.751423e-07
A25: 77 | B25: 73463 | C25: ='OD-APUMA(Val)'!C25*C$49 -> 0 | D25: ='OD-APUMA(Val)'!D25*D$49 -> 0 | E25: ='OD-APUMA(Val)'!E25*E$49 -> 0 | F25: ='OD-APUMA(Val)'!F25*F$49 -> 25.517718 | G25: ='OD-APUMA(Val)'!G25*G$49 -> 0 | H25: ='OD-APUMA(Val)'!H25*H$49 -> 0 | I25: ='OD-APUMA(Val)'!I25*I$49 -> 0 | J25: ='OD-APUMA(Val)'!J25*J$49 -> 0 | ... X25: ='OD-APUMA(Val)'!X25*X$49 -> 0 | Y25: 0 | Z25: ='OD-APUMA(Val)'!Z25*Z$49 -> 0 | AA25: ='OD-APUMA(Val)'!AA25*AA$49 -> 16.781024 | AB25: ='OD-APUMA(Val)'!AB25*AB$49 -> 0 | AC25: ='OD-APUMA(Val)'!AC25*AC$49 -> 0 | AD25: ='OD-APUMA(Val)'!AD25*AD$49 -> 0 | AE25: ='OD-APUMA(Val)'!AE25*AE$49 -> 13.896901 | AF25: ='OD-APUMA(Val)'!AF25*AF$49 -> 0 | AG25: ='OD-APUMA(Val)'!AG25*AG$49 -> 0 | ... AQ25: ='OD-APUMA(Val)'!AQ25*AQ$49 -> 0 | AR25: =SUM('OD-APUMA(Val)'!C25:AQ25) -> 34944 | AS25: =MAX('OD-APUMA(Val)'!C25:AQ25) -> 33397 | AT25: =SUM(C25:AQ25)/AR25 -> 0.0037871633 | AU25: =AT25^4 -> 2.0571035e-10
A26: 80 | B26: 118885 | C26: ='OD-APUMA(Val)'!C26*C$49 -> 0 | D26: ='OD-APUMA(Val)'!D26*D$49 -> 15.488574 | E26: ='OD-APUMA(Val)'!E26*E$49 -> 0 | F26: ='OD-APUMA(Val)'!F26*F$49 -> 0 | G26: ='OD-APUMA(Val)'!G26*G$49 -> 0 | H26: ='OD-APUMA(Val)'!H26*H$49 -> 0 | I26: ='OD-APUMA(Val)'!I26*I$49 -> 0 | J26: ='OD-APUMA(Val)'!J26*J$49 -> 0 | ... Y26: ='OD-APUMA(Val)'!Y26*Y$49 -> 0 | Z26: 0 | AA26: ='OD-APUMA(Val)'!AA26*AA$49 -> 0 | AB26: ='OD-APUMA(Val)'!AB26*AB$49 -> 16.455295 | AC26: ='OD-APUMA(Val)'!AC26*AC$49 -> 0 | AD26: ='OD-APUMA(Val)'!AD26*AD$49 -> 7.4798722 | AE26: ='OD-APUMA(Val)'!AE26*AE$49 -> 53.271455 | AF26: ='OD-APUMA(Val)'!AF26*AF$49 -> 2.0312617 | AG26: ='OD-APUMA(Val)'!AG26*AG$49 -> 0 | AH26: ='OD-APUMA(Val)'!AH26*AH$49 -> 0 | ... AQ26: ='OD-APUMA(Val)'!AQ26*AQ$49 -> 15.552681 | AR26: =SUM('OD-APUMA(Val)'!C26:AQ26) -> 91208 | AS26: =MAX('OD-APUMA(Val)'!C26:AQ26) -> 82537 | AT26: =SUM(C26:AQ26)/AR26 -> 0.0046609736 | AU26: =AT26^4 -> 4.7196149e-10
A27: 86 | B27: 634894 | C27: ='OD-APUMA(Val)'!C27*C$49 -> 9.9802829 | D27: ='OD-APUMA(Val)'!D27*D$49 -> 4.8911287 | E27: ='OD-APUMA(Val)'!E27*E$49 -> 10.095352 | F27: ='OD-APUMA(Val)'!F27*F$49 -> 0 | G27: ='OD-APUMA(Val)'!G27*G$49 -> 0 | H27: ='OD-APUMA(Val)'!H27*H$49 -> 2.2399773 | I27: ='OD-APUMA(Val)'!I27*I$49 -> 0 | J27: ='OD-APUMA(Val)'!J27*J$49 -> 0 | ... Z27: ='OD-APUMA(Val)'!Z27*Z$49 -> 0 | AA27: 0 | AB27: ='OD-APUMA(Val)'!AB27*AB$49 -> 7539.2676 | AC27: ='OD-APUMA(Val)'!AC27*AC$49 -> 1.7896512 | AD27: ='OD-APUMA(Val)'!AD27*AD$49 -> 0 | AE27: ='OD-APUMA(Val)'!AE27*AE$49 -> 157.49822 | AF27: ='OD-APUMA(Val)'!AF27*AF$49 -> 0 | AG27: ='OD-APUMA(Val)'!AG27*AG$49 -> 33.121794 | AH27: ='OD-APUMA(Val)'!AH27*AH$49 -> 0 | AI27: ='OD-APUMA(Val)'!AI27*AI$49 -> 46.077392 | ... AQ27: ='OD-APUMA(Val)'!AQ27*AQ$49 -> 0 | AR27: =SUM('OD-APUMA(Val)'!C27:AQ27) -> 632060 | AS27: =MAX('OD-APUMA(Val)'!C27:AQ27) -> 448058 | AT27: =SUM(C27:AQ27)/AR27 -> 0.067939183 | AU27: =AT27^4 -> 2.1304987e-05
A28: 87 | B28: 401882 | C28: ='OD-APUMA(Val)'!C28*C$49 -> 29.940849 | D28: ='OD-APUMA(Val)'!D28*D$49 -> 7.3366931 | E28: ='OD-APUMA(Val)'!E28*E$49 -> 0 | F28: ='OD-APUMA(Val)'!F28*F$49 -> 12.318898 | G28: ='OD-APUMA(Val)'!G28*G$49 -> 0 | H28: ='OD-APUMA(Val)'!H28*H$49 -> 2.2399773 | I28: ='OD-APUMA(Val)'!I28*I$49 -> 0 | J28: ='OD-APUMA(Val)'!J28*J$49 -> 0 | ... AA28: ='OD-APUMA(Val)'!AA28*AA$49 -> 17913.743 | AB28: 0 | AC28: ='OD-APUMA(Val)'!AC28*AC$49 -> 2.863442 | AD28: ='OD-APUMA(Val)'!AD28*AD$49 -> 0 | AE28: ='OD-APUMA(Val)'!AE28*AE$49 -> 71.800657 | AF28: ='OD-APUMA(Val)'!AF28*AF$49 -> 0 | AG28: ='OD-APUMA(Val)'!AG28*AG$49 -> 26.497435 | AH28: ='OD-APUMA(Val)'!AH28*AH$49 -> 0 | AI28: ='OD-APUMA(Val)'!AI28*AI$49 -> 53.549401 | AJ28: ='OD-APUMA(Val)'!AJ28*AJ$49 -> 20.070162 | ... AQ28: ='OD-APUMA(Val)'!AQ28*AQ$49 -> 0 | AR28: =SUM('OD-APUMA(Val)'!C28:AQ28) -> 401219 | AS28: =MAX('OD-APUMA(Val)'!C28:AQ28) -> 243971 | AT28: =SUM(C28:AQ28)/AR28 -> 0.096084454 | AU28: =AT28^4 -> 8.523393e-05
A29: 88 | B29: 405808 | C29: ='OD-APUMA(Val)'!C29*C$49 -> 0 | D29: ='OD-APUMA(Val)'!D29*D$49 -> 7.3366931 | E29: ='OD-APUMA(Val)'!E29*E$49 -> 0 | F29: ='OD-APUMA(Val)'!F29*F$49 -> 23.757875 | G29: ='OD-APUMA(Val)'!G29*G$49 -> 38.999971 | H29: ='OD-APUMA(Val)'!H29*H$49 -> 2.8508803 | I29: ='OD-APUMA(Val)'!I29*I$49 -> 0 | J29: ='OD-APUMA(Val)'!J29*J$49 -> 5.3554572 | ... AB29: ='OD-APUMA(Val)'!AB29*AB$49 -> 35.653139 | AC29: 0 | AD29: ='OD-APUMA(Val)'!AD29*AD$49 -> 2.9919489 | AE29: ='OD-APUMA(Val)'!AE29*AE$49 -> 66.010282 | AF29: ='OD-APUMA(Val)'!AF29*AF$49 -> 10.156309 | AG29: ='OD-APUMA(Val)'!AG29*AG$49 -> 14.904807 | AH29: ='OD-APUMA(Val)'!AH29*AH$49 -> 12.478524 | AI29: ='OD-APUMA(Val)'!AI29*AI$49 -> 13.698684 | AJ29: ='OD-APUMA(Val)'!AJ29*AJ$49 -> 0 | AK29: ='OD-APUMA(Val)'!AK29*AK$49 -> 0 | ... AQ29: ='OD-APUMA(Val)'!AQ29*AQ$49 -> 18.792823 | AR29: =SUM('OD-APUMA(Val)'!C29:AQ29) -> 268060 | AS29: =MAX('OD-APUMA(Val)'!C29:AQ29) -> 250822 | AT29: =SUM(C29:AQ29)/AR29 -> 0.0065920372 | AU29: =AT29^4 -> 1.8883331e-09
A30: 89 | B30: 320827 | C30: ='OD-APUMA(Val)'!C30*C$49 -> 11.406038 | D30: ='OD-APUMA(Val)'!D30*D$49 -> 0 | E30: ='OD-APUMA(Val)'!E30*E$49 -> 0 | F30: ='OD-APUMA(Val)'!F30*F$49 -> 12.318898 | G30: ='OD-APUMA(Val)'!G30*G$49 -> 0 | H30: ='OD-APUMA(Val)'!H30*H$49 -> 0 | I30: ='OD-APUMA(Val)'!I30*I$49 -> 0 | J30: ='OD-APUMA(Val)'!J30*J$49 -> 0 | ... AC30: ='OD-APUMA(Val)'!AC30*AC$49 -> 4.295163 | AD30: 0 | AE30: ='OD-APUMA(Val)'!AE30*AE$49 -> 678.63202 | AF30: ='OD-APUMA(Val)'!AF30*AF$49 -> 4.0625234 | AG30: ='OD-APUMA(Val)'!AG30*AG$49 -> 21.529166 | AH30: ='OD-APUMA(Val)'!AH30*AH$49 -> 8.7349668 | AI30: ='OD-APUMA(Val)'!AI30*AI$49 -> 0 | AJ30: ='OD-APUMA(Val)'!AJ30*AJ$49 -> 197.6139 | AK30: ='OD-APUMA(Val)'!AK30*AK$49 -> 0 | AL30: ='OD-APUMA(Val)'!AL30*AL$49 -> 13.06036 | ... AQ30: ='OD-APUMA(Val)'!AQ30*AQ$49 -> 10.368454 | AR30: =SUM('OD-APUMA(Val)'!C30:AQ30) -> 221559 | AS30: =MAX('OD-APUMA(Val)'!C30:AQ30) -> 207935 | AT30: =SUM(C30:AQ30)/AR30 -> 0.0051260606 | AU30: =AT30^4 -> 6.9045431e-10
A31: 90 | B31: 4714869 | C31: ='OD-APUMA(Val)'!C31*C$49 -> 172.51632 | D31: ='OD-APUMA(Val)'!D31*D$49 -> 158.96168 | E31: ='OD-APUMA(Val)'!E31*E$49 -> 83.791421 | F31: ='OD-APUMA(Val)'!F31*F$49 -> 36.076774 | G31: ='OD-APUMA(Val)'!G31*G$49 -> 62.399954 | H31: ='OD-APUMA(Val)'!H31*H$49 -> 4.2763204 | I31: ='OD-APUMA(Val)'!I31*I$49 -> 20.909423 | J31: ='OD-APUMA(Val)'!J31*J$49 -> 21.421829 | ... AD31: ='OD-APUMA(Val)'!AD31*AD$49 -> 273.38933 | AE31: 0 | AF31: ='OD-APUMA(Val)'!AF31*AF$49 -> 15.488371 | AG31: ='OD-APUMA(Val)'!AG31*AG$49 -> 17400.535 | AH31: ='OD-APUMA(Val)'!AH31*AH$49 -> 635.15687 | AI31: ='OD-APUMA(Val)'!AI31*AI$49 -> 44.832057 | AJ31: ='OD-APUMA(Val)'!AJ31*AJ$49 -> 3839.5764 | AK31: ='OD-APUMA(Val)'!AK31*AK$49 -> 0 | AL31: ='OD-APUMA(Val)'!AL31*AL$49 -> 22.389188 | AM31: ='OD-APUMA(Val)'!AM31*AM$49 -> 60.922367 | ... AQ31: ='OD-APUMA(Val)'!AQ31*AQ$49 -> 1086.7436 | AR31: =SUM('OD-APUMA(Val)'!C31:AQ31) -> 4091568 | AS31: =MAX('OD-APUMA(Val)'!C31:AQ31) -> 3859648 | AT31: =SUM(C31:AQ31)/AR31 -> 0.0064278628 | AU31: =AT31^4 -> 1.7071292e-09
A32: 91 | B32: 195273 | C32: ='OD-APUMA(Val)'!C32*C$49 -> 9.9802829 | D32: ='OD-APUMA(Val)'!D32*D$49 -> 0 | E32: ='OD-APUMA(Val)'!E32*E$49 -> 10.095352 | F32: ='OD-APUMA(Val)'!F32*F$49 -> 5.2795279 | G32: ='OD-APUMA(Val)'!G32*G$49 -> 0 | H32: ='OD-APUMA(Val)'!H32*H$49 -> 0 | I32: ='OD-APUMA(Val)'!I32*I$49 -> 0 | J32: ='OD-APUMA(Val)'!J32*J$49 -> 7.6506532 | ... AE32: ='OD-APUMA(Val)'!AE32*AE$49 -> 23.161502 | AF32: 0 | AG32: ='OD-APUMA(Val)'!AG32*AG$49 -> 0 | AH32: ='OD-APUMA(Val)'!AH32*AH$49 -> 0 | AI32: ='OD-APUMA(Val)'!AI32*AI$49 -> 0 | AJ32: ='OD-APUMA(Val)'!AJ32*AJ$49 -> 16.982445 | AK32: ='OD-APUMA(Val)'!AK32*AK$49 -> 0 | AL32: ='OD-APUMA(Val)'!AL32*AL$49 -> 0 | AM32: ='OD-APUMA(Val)'!AM32*AM$49 -> 266.53536 | AN32: ='OD-APUMA(Val)'!AN32*AN$49 -> 0 | ... AQ32: ='OD-APUMA(Val)'!AQ32*AQ$49 -> 7.1283124 | AR32: =SUM('OD-APUMA(Val)'!C32:AQ32) -> 164359 | AS32: =MAX('OD-APUMA(Val)'!C32:AQ32) -> 152750 | AT32: =SUM(C32:AQ32)/AR32 -> 0.0066079715 | AU32: =AT32^4 -> 1.9066574e-09
A33: 92 | B33: 1138865 | C33: ='OD-APUMA(Val)'!C33*C$49 -> 42.772641 | D33: ='OD-APUMA(Val)'!D33*D$49 -> 6.521505 | E33: ='OD-APUMA(Val)'!E33*E$49 -> 28.266985 | F33: ='OD-APUMA(Val)'!F33*F$49 -> 12.318898 | G33: ='OD-APUMA(Val)'!G33*G$49 -> 12.99999 | H33: ='OD-APUMA(Val)'!H33*H$49 -> 1.2218058 | I33: ='OD-APUMA(Val)'!I33*I$49 -> 5.9741208 | J33: ='OD-APUMA(Val)'!J33*J$49 -> 0 | ... AF33: ='OD-APUMA(Val)'!AF33*AF$49 -> 0 | AG33: 0 | AH33: ='OD-APUMA(Val)'!AH33*AH$49 -> 880.9838 | AI33: ='OD-APUMA(Val)'!AI33*AI$49 -> 13.698684 | AJ33: ='OD-APUMA(Val)'!AJ33*AJ$49 -> 1131.6484 | AK33: ='OD-APUMA(Val)'!AK33*AK$49 -> 0 | AL33: ='OD-APUMA(Val)'!AL33*AL$49 -> 11.194594 | AM33: ='OD-APUMA(Val)'!AM33*AM$49 -> 48.737894 | AN33: ='OD-APUMA(Val)'!AN33*AN$49 -> 0 | AO33: ='OD-APUMA(Val)'!AO33*AO$49 -> 2.0705643 | ... AQ33: ='OD-APUMA(Val)'!AQ33*AQ$49 -> 23.329022 | AR33: =SUM('OD-APUMA(Val)'!C33:AQ33) -> 1278199 | AS33: =MAX('OD-APUMA(Val)'!C33:AQ33) -> 1047085 | AT33: =SUM(C33:AQ33)/AR33 -> 0.016129989 | AU33: =AT33^4 -> 6.7691834e-08
A34: 93 | B34: 687843 | C34: ='OD-APUMA(Val)'!C34*C$49 -> 39.921132 | D34: ='OD-APUMA(Val)'!D34*D$49 -> 22.010079 | E34: ='OD-APUMA(Val)'!E34*E$49 -> 20.190704 | F34: ='OD-APUMA(Val)'!F34*F$49 -> 2.6397639 | G34: ='OD-APUMA(Val)'!G34*G$49 -> 0 | H34: ='OD-APUMA(Val)'!H34*H$49 -> 1.8327087 | I34: ='OD-APUMA(Val)'!I34*I$49 -> 7.9654943 | J34: ='OD-APUMA(Val)'!J34*J$49 -> 0 | ... AG34: ='OD-APUMA(Val)'!AG34*AG$49 -> 6220.2729 | AH34: 0 | AI34: ='OD-APUMA(Val)'!AI34*AI$49 -> 9.9626792 | AJ34: ='OD-APUMA(Val)'!AJ34*AJ$49 -> 4850.8038 | AK34: ='OD-APUMA(Val)'!AK34*AK$49 -> 0 | AL34: ='OD-APUMA(Val)'!AL34*AL$49 -> 0 | AM34: ='OD-APUMA(Val)'!AM34*AM$49 -> 0 | AN34: ='OD-APUMA(Val)'!AN34*AN$49 -> 0 | AO34: ='OD-APUMA(Val)'!AO34*AO$49 -> 0 | AP34: ='OD-APUMA(Val)'!AP34*AP$49 -> 0 | AQ34: ='OD-APUMA(Val)'!AQ34*AQ$49 -> 5.8322556 | AR34: =SUM('OD-APUMA(Val)'!C34:AQ34) -> 482651 | AS34: =MAX('OD-APUMA(Val)'!C34:AQ34) -> 345176 | AT34: =SUM(C34:AQ34)/AR34 -> 0.030567877 | AU34: =AT34^4 -> 8.7309423e-07
A35: 94 | B35: 559078 | C35: ='OD-APUMA(Val)'!C35*C$49 -> 42.772641 | D35: ='OD-APUMA(Val)'!D35*D$49 -> 30.16196 | E35: ='OD-APUMA(Val)'!E35*E$49 -> 9.0858168 | F35: ='OD-APUMA(Val)'!F35*F$49 -> 7.0393705 | G35: ='OD-APUMA(Val)'!G35*G$49 -> 57.199958 | H35: ='OD-APUMA(Val)'!H35*H$49 -> 2.647246 | I35: ='OD-APUMA(Val)'!I35*I$49 -> 30.866291 | J35: ='OD-APUMA(Val)'!J35*J$49 -> 25.247156 | ... AH35: ='OD-APUMA(Val)'!AH35*AH$49 -> 0 | AI35: 0 | AJ35: ='OD-APUMA(Val)'!AJ35*AJ$49 -> 15.438586 | AK35: ='OD-APUMA(Val)'!AK35*AK$49 -> 0 | AL35: ='OD-APUMA(Val)'!AL35*AL$49 -> 910.49364 | AM35: ='OD-APUMA(Val)'!AM35*AM$49 -> 143.16756 | AN35: ='OD-APUMA(Val)'!AN35*AN$49 -> 319.09824 | AO35: ='OD-APUMA(Val)'!AO35*AO$49 -> 0 | AP35: ='OD-APUMA(Val)'!AP35*AP$49 -> 10.728162 | AQ35: ='OD-APUMA(Val)'!AQ35*AQ$49 -> 0 | AR35: =SUM('OD-APUMA(Val)'!C35:AQ35) -> 482352 | AS35: =MAX('OD-APUMA(Val)'!C35:AQ35) -> 424983 | AT35: =SUM(C35:AQ35)/AR35 -> 0.02638805 | AU35: =AT35^4 -> 4.8487432e-07
A36: 95 | B36: 822029 | C36: ='OD-APUMA(Val)'!C36*C$49 -> 42.772641 | D36: ='OD-APUMA(Val)'!D36*D$49 -> 42.389782 | E36: ='OD-APUMA(Val)'!E36*E$49 -> 42.400478 | F36: ='OD-APUMA(Val)'!F36*F$49 -> 14.078741 | G36: ='OD-APUMA(Val)'!G36*G$49 -> 0 | H36: ='OD-APUMA(Val)'!H36*H$49 -> 0 | I36: ='OD-APUMA(Val)'!I36*I$49 -> 0 | J36: ='OD-APUMA(Val)'!J36*J$49 -> 0 | ... AI36: ='OD-APUMA(Val)'!AI36*AI$49 -> 0 | AJ36: 0 | AK36: ='OD-APUMA(Val)'!AK36*AK$49 -> 0 | AL36: ='OD-APUMA(Val)'!AL36*AL$49 -> 18.657657 | AM36: ='OD-APUMA(Val)'!AM36*AM$49 -> 25.892006 | AN36: ='OD-APUMA(Val)'!AN36*AN$49 -> 0 | AO36: ='OD-APUMA(Val)'!AO36*AO$49 -> 3.1058464 | AP36: ='OD-APUMA(Val)'!AP36*AP$49 -> 3.8314863 | AQ36: ='OD-APUMA(Val)'!AQ36*AQ$49 -> 16.20071 | AR36: =SUM('OD-APUMA(Val)'!C36:AQ36) -> 607932 | AS36: =MAX('OD-APUMA(Val)'!C36:AQ36) -> 414232 | AT36: =SUM(C36:AQ36)/AR36 -> 0.030471952 | AU36: =AT36^4 -> 8.6218628e-07
A37: 96 | B37: 1264757 | C37: ='OD-APUMA(Val)'!C37*C$49 -> 62.733207 | D37: ='OD-APUMA(Val)'!D37*D$49 -> 10.597446 | E37: ='OD-APUMA(Val)'!E37*E$49 -> 10.095352 | F37: ='OD-APUMA(Val)'!F37*F$49 -> 26.397639 | G37: ='OD-APUMA(Val)'!G37*G$49 -> 15.599989 | H37: ='OD-APUMA(Val)'!H37*H$49 -> 2.036343 | I37: ='OD-APUMA(Val)'!I37*I$49 -> 15.930989 | J37: ='OD-APUMA(Val)'!J37*J$49 -> 15.301306 | ... AJ37: ='OD-APUMA(Val)'!AJ37*AJ$49 -> 172.91216 | AK37: 0 | AL37: ='OD-APUMA(Val)'!AL37*AL$49 -> 24.254953 | AM37: ='OD-APUMA(Val)'!AM37*AM$49 -> 47.214835 | AN37: ='OD-APUMA(Val)'!AN37*AN$49 -> 8.9133587 | AO37: ='OD-APUMA(Val)'!AO37*AO$49 -> 2.4156583 | AP37: ='OD-APUMA(Val)'!AP37*AP$49 -> 13.793351 | AQ37: ='OD-APUMA(Val)'!AQ37*AQ$49 -> 21.384937 | AR37: =SUM('OD-APUMA(Val)'!C37:AQ37) -> 1221532 | AS37: =MAX('OD-APUMA(Val)'!C37:AQ37) -> 1184040 | AT37: =SUM(C37:AQ37)/AR37 -> 0.0036977727 | AU37: =AT37^4 -> 1.8696523e-10
A38: 97 | B38: 154115 | C38: ='OD-APUMA(Val)'!C38*C$49 -> 0 | D38: ='OD-APUMA(Val)'!D38*D$49 -> 0 | E38: ='OD-APUMA(Val)'!E38*E$49 -> 0 | F38: ='OD-APUMA(Val)'!F38*F$49 -> 0 | G38: ='OD-APUMA(Val)'!G38*G$49 -> 0 | H38: ='OD-APUMA(Val)'!H38*H$49 -> 0 | I38: ='OD-APUMA(Val)'!I38*I$49 -> 0 | J38: ='OD-APUMA(Val)'!J38*J$49 -> 0 | ... AK38: ='OD-APUMA(Val)'!AK38*AK$49 -> 0 | AL38: 0 | AM38: ='OD-APUMA(Val)'!AM38*AM$49 -> 370.10338 | AN38: ='OD-APUMA(Val)'!AN38*AN$49 -> 32.088091 | AO38: ='OD-APUMA(Val)'!AO38*AO$49 -> 0 | AP38: ='OD-APUMA(Val)'!AP38*AP$49 -> 290.42666 | AQ38: ='OD-APUMA(Val)'!AQ38*AQ$49 -> 0 | AR38: =SUM('OD-APUMA(Val)'!C38:AQ38) -> 109590 | AS38: =MAX('OD-APUMA(Val)'!C38:AQ38) -> 85462 | AT38: =SUM(C38:AQ38)/AR38 -> 0.035417191 | AU38: =AT38^4 -> 1.5734626e-06
A39: 98 | B39: 686517 | C39: ='OD-APUMA(Val)'!C39*C$49 -> 9.9802829 | D39: ='OD-APUMA(Val)'!D39*D$49 -> 8.9670693 | E39: ='OD-APUMA(Val)'!E39*E$49 -> 18.171634 | F39: ='OD-APUMA(Val)'!F39*F$49 -> 12.318898 | G39: ='OD-APUMA(Val)'!G39*G$49 -> 0 | H39: ='OD-APUMA(Val)'!H39*H$49 -> 0 | I39: ='OD-APUMA(Val)'!I39*I$49 -> 0 | J39: ='OD-APUMA(Val)'!J39*J$49 -> 0 | ... AL39: ='OD-APUMA(Val)'!AL39*AL$49 -> 111.94594 | AM39: 0 | AN39: ='OD-APUMA(Val)'!AN39*AN$49 -> 55.262824 | AO39: ='OD-APUMA(Val)'!AO39*AO$49 -> 7.246975 | AP39: ='OD-APUMA(Val)'!AP39*AP$49 -> 9.195567 | AQ39: ='OD-APUMA(Val)'!AQ39*AQ$49 -> 6.480284 | AR39: =SUM('OD-APUMA(Val)'!C39:AQ39) -> 804063 | AS39: =MAX('OD-APUMA(Val)'!C39:AQ39) -> 714948 | AT39: =SUM(C39:AQ39)/AR39 -> 0.025356629 | AU39: =AT39^4 -> 4.1339578e-07
A40: 99 | B40: 183391 | C40: ='OD-APUMA(Val)'!C40*C$49 -> 14.257547 | D40: ='OD-APUMA(Val)'!D40*D$49 -> 0 | E40: ='OD-APUMA(Val)'!E40*E$49 -> 0 | F40: ='OD-APUMA(Val)'!F40*F$49 -> 0 | G40: ='OD-APUMA(Val)'!G40*G$49 -> 0 | H40: ='OD-APUMA(Val)'!H40*H$49 -> 0 | I40: ='OD-APUMA(Val)'!I40*I$49 -> 0 | J40: ='OD-APUMA(Val)'!J40*J$49 -> 6.1205226 | ... AM40: ='OD-APUMA(Val)'!AM40*AM$49 -> 109.66026 | AN40: 0 | AO40: ='OD-APUMA(Val)'!AO40*AO$49 -> 29.678088 | AP40: ='OD-APUMA(Val)'!AP40*AP$49 -> 5.3640808 | AQ40: ='OD-APUMA(Val)'!AQ40*AQ$49 -> 0 | AR40: =SUM('OD-APUMA(Val)'!C40:AQ40) -> 158938 | AS40: =MAX('OD-APUMA(Val)'!C40:AQ40) -> 99255 | AT40: =SUM(C40:AQ40)/AR40 -> 0.08092222 | AU40: =AT40^4 -> 4.2881618e-05
A41: 100 | B41: 195936 | C41: ='OD-APUMA(Val)'!C41*C$49 -> 17.109056 | D41: ='OD-APUMA(Val)'!D41*D$49 -> 5.7063168 | E41: ='OD-APUMA(Val)'!E41*E$49 -> 10.095352 | F41: ='OD-APUMA(Val)'!F41*F$49 -> 40.47638 | G41: ='OD-APUMA(Val)'!G41*G$49 -> 0 | H41: ='OD-APUMA(Val)'!H41*H$49 -> 0 | I41: ='OD-APUMA(Val)'!I41*I$49 -> 0 | J41: ='OD-APUMA(Val)'!J41*J$49 -> 0 | ... AN41: ='OD-APUMA(Val)'!AN41*AN$49 -> 242.44336 | AO41: 0 | AP41: ='OD-APUMA(Val)'!AP41*AP$49 -> 0 | AQ41: ='OD-APUMA(Val)'!AQ41*AQ$49 -> 0 | AR41: =SUM('OD-APUMA(Val)'!C41:AQ41) -> 182702 | AS41: =MAX('OD-APUMA(Val)'!C41:AQ41) -> 146120 | AT41: =SUM(C41:AQ41)/AR41 -> 0.047319351 | AU41: =AT41^4 -> 5.0136626e-06
A42: 101 | B42: 219609 | C42: ='OD-APUMA(Val)'!C42*C$49 -> 22.812075 | D42: ='OD-APUMA(Val)'!D42*D$49 -> 0 | E42: ='OD-APUMA(Val)'!E42*E$49 -> 0 | F42: ='OD-APUMA(Val)'!F42*F$49 -> 0 | G42: ='OD-APUMA(Val)'!G42*G$49 -> 0 | H42: ='OD-APUMA(Val)'!H42*H$49 -> 0 | I42: ='OD-APUMA(Val)'!I42*I$49 -> 0 | J42: ='OD-APUMA(Val)'!J42*J$49 -> 0 | ... AO42: ='OD-APUMA(Val)'!AO42*AO$49 -> 0 | AP42: 0 | AQ42: ='OD-APUMA(Val)'!AQ42*AQ$49 -> 0 | AR42: =SUM('OD-APUMA(Val)'!C42:AQ42) -> 143481 | AS42: =MAX('OD-APUMA(Val)'!C42:AQ42) -> 119210 | AT42: =SUM(C42:AQ42)/AR42 -> 0.023864209 | AU42: =AT42^4 -> 3.2433077e-07
A43: 103 | B43: 331552 | C43: ='OD-APUMA(Val)'!C43*C$49 -> 7.1287735 | D43: ='OD-APUMA(Val)'!D43*D$49 -> 7.3366931 | E43: ='OD-APUMA(Val)'!E43*E$49 -> 4.0381408 | F43: ='OD-APUMA(Val)'!F43*F$49 -> 7.9192918 | G43: ='OD-APUMA(Val)'!G43*G$49 -> 0 | H43: ='OD-APUMA(Val)'!H43*H$49 -> 1.6290744 | I43: ='OD-APUMA(Val)'!I43*I$49 -> 0 | J43: ='OD-APUMA(Val)'!J43*J$49 -> 0 | ... AP43: ='OD-APUMA(Val)'!AP43*AP$49 -> 0 | AQ43: 0 | AR43: =SUM('OD-APUMA(Val)'!C43:AQ43) -> 335556 | AS43: =MAX('OD-APUMA(Val)'!C43:AQ43) -> 249158 | AT43: =SUM(C43:AQ43)/AR43 -> 0.02311359 | AU43: =AT43^4 -> 2.8541029e-07
A44: Grand Total | B44: 15631931 | C44: =SUM(C3:C43) -> 738.54094 | D44: =SUM(D3:D43) -> 402.70293 | E44: =SUM(E3:E43) -> 655.18834 | F44: =SUM(F3:F43) -> 440.84058 | G44: =SUM(G3:G43) -> 2189.1984 | H44: =SUM(H3:H43) -> 60.886657 | I44: =SUM(I3:I43) -> 373.38255 | J44: =SUM(J3:J43) -> 279.24884 | ... AQ44: =SUM(AQ3:AQ43) -> 1328.4582 | AR44: =SUM('OD-APUMA(Val)'!C44:AQ44) -> 13839891 | AS44: =MAX('OD-APUMA(Val)'!C44:AQ44) -> 4317976 | AT44: =SUM(C44:AQ44)/AR44 -> 0.024029188
A45: 0 | B45: ResidentWorkers | C45: =MAX(C3:C43) -> 172.51632 | D45: =MAX(D3:D43) -> 158.96168 | E45: =MAX(E3:E43) -> 176.66866 | F45: =MAX(F3:F43) -> 98.551187 | G45: =MAX(G3:G43) -> 1162.1991 | H45: =MAX(H3:H43) -> 17.308916 | I45: =MAX(I3:I43) -> 143.3789 | J45: =MAX(J3:J43) -> 97.163296 | ... AQ45: =MAX(AQ3:AQ43) -> 1086.7436 | AR45: =SUM('OD-APUMA(Val)'!C45:AQ45) -> 11744720 | AS45: =MAX('OD-APUMA(Val)'!C45:AQ45) -> 3859648 | AT45: =SUM(C45:AQ45)/AR45 -> 0.011637712
A46: 0 | B46: Non-ResidentWorkers | C46: =SUM(C3:C43)-MAX(C3:C43) -> 566.02462 | D46: =SUM(D3:D43)-MAX(D3:D43) -> 243.74125 | E46: =SUM(E3:E43)-MAX(E3:E43) -> 478.51968 | F46: =SUM(F3:F43)-MAX(F3:F43) -> 342.28939 | G46: =SUM(G3:G43)-MAX(G3:G43) -> 1026.9992 | H46: =SUM(H3:H43)-MAX(H3:H43) -> 43.577741 | I46: =SUM(I3:I43)-MAX(I3:I43) -> 230.00365 | J46: =SUM(J3:J43)-MAX(J3:J43) -> 182.08555 | ... AQ46: =SUM(AQ3:AQ43)-MAX(AQ3:AQ43) -> 241.71459 | AR46: =SUM('OD-APUMA(Val)'!C46:AQ46) -> 2095171 | AS46: =MAX('OD-APUMA(Val)'!C46:AQ46) -> 458328 | AT46: =SUM(C46:AQ46)/AR46 -> 0.093491017
A47: 0 | B47: Total Workers | C47: =SUM(C3:C43) -> 738.54094 | D47: =SUM(D3:D43) -> 402.70293 | E47: =SUM(E3:E43) -> 655.18834 | F47: =SUM(F3:F43) -> 440.84058 | G47: =SUM(G3:G43) -> 2189.1984 | H47: =SUM(H3:H43) -> 60.886657 | I47: =SUM(I3:I43) -> 373.38255 | J47: =SUM(J3:J43) -> 279.24884 | ... AQ47: =SUM(AQ3:AQ43) -> 1328.4582 | AR47: =SUM('OD-APUMA(Val)'!C47:AQ47) -> 13839891 | AS47: =MAX('OD-APUMA(Val)'!C47:AQ47) -> 4317976 | AT47: =SUM(C47:AQ47)/AR47 -> 0.024029188
B49: TollShare | C49: 0.10967344 | D49: 0.062706778 | E49: 0.077656553 | F49: 0.067686255 | G49: 0.19999985 | H49: 0.015664177 | I49: 0.076591292 | J49: 0.058851179 | K49: 0.11684038 | L49: 0.27678777 | M49: 0.27416958 | N49: 0.075779832 | O49: 0.2249761 | P49: 0.34812564 | Q49: 0.26730986 | R49: 0.036930033 | S49: 0.13615079 | T49: 0.051055621 | U49: 0.1291345 | V49: 0.029600677 | W49: 0.014345952 | X49: 0.078507458 | Y49: 0.0010100298 | Z49: 0.044373321 | AA49: 0.21514133 | AB49: 0.21096532 | AC49: 0.027533096 | AD49: 0.028768739 | AE49: 0.089082701 | AF49: 0.019531363 | AG49: 0.12739152 | AH49: 0.095988646 | AI49: 0.095794993 | AJ49: 0.11875836 | AK49: 0 | AL49: 0.14352043 | AM49: 0.1171584 | AN49: 0.1371286 | AO49: 0.026545696 | AP49: 0.058945942 | AQ49: 0.049848338

Sheet Summary-MSA&CMSA
A1: O-MSA | B1: TollShare | D1: O-CMSA | E1: PredictedTollShare
A2: 360 | B2: 0.12516099 | D2: 680 | E2: 0.026689144
A3: 680 | B3: 0.026688742 | D3: 1620 | E3: 0.013599725
A4: 1620 | B4: 0.01359827 | D4: 2840 | E4: 0.025461311
A5: 2840 | B5: 0.025461311 | D5: 4472 | E5: 0.026676028
A6: 4480 | B6: 0.087172459 | D6: 4940 | E6: 0.048912407
A7: 4940 | B7: 0.048912407 | D7: 5170 | E7: 0.056792372
A8: 5170 | B8: 0.056791569 | D8: 6690 | E8: 0.075453287
A9: 5775 | B9: 0.11164072 | D9: 6920 | E9: 0.010418226
A10: 6000 | B10: 0.047726445 | D10: 7120 | E10: 0.017465267
A11: 6690 | B11: 0.075450778 | D11: 7320 | E11: -0.011107257
A12: 6780 | B12: 0.038818348 | D12: 7362 | E12: 0.010578355
A13: 6920 | B13: 0.010415516 | D13: 7480 | E13: 0.027512496
... A17: 7400 | B17: 0.11491782 | D17: 9999 | E17: 0.0689491
A18: 7480 | B18: 0.027512496
A19: 7485 | B19: 0.076304465
A20: 7500 | B20: 0.024464133
A21: 8120 | B21: 0.14117462
A22: 8720 | B22: 0.075989172
A23: 8780 | B23: 0.012289137
A24: 9340 | B24: 0.056688492
A25: 9999 | B25: 0.068820087

Sheet Summary-APUMA
C1: Predicted Toll Shares by Alternative Geographies
A2: CMSA | C2: Metro Area | D2: Share | E2: APUMA (Counties) | F2: Share | H2: APUMA
A3: 680 | C3: Bakersfield | D3: 0.026689144 | E3: Kern | F3: 0.026689144 | H3: 89
A4: 1620 | C4: Chico | D4: 0.013599725 | E4: Butte | F4: 0.013599725 | H4: 6
A5: 2840 | C5: Fresno | D5: 0.025461311 | E5: Fresno | F5: 0.025461311 | H5: 88
A6: 4472 | C6: Los Angeles | D6: 0.026676028 | E6: Orange | F6: 0.12516495 | H6: 92
E7: Los Angeles | F7: 0.087187412 | H7: 90
E8: Ventura | F8: 0.047726696 | H8: 103
E9: Riverside | F9: 0.093783847 | H9: 93
E10: San Bernardino | F10: 0.11651294 | H10: 95
A11: 4940 | C11: Merced | D11: 0.048912407 | E11: Merced | F11: 0.048912407 | H11: 30
A12: 5170 | C12: Modesto | D12: 0.056792372 | E12: Stanislaus | F12: 0.056792372 | H12: 101
A13: 6690 | C13: Redding | D13: 0.075453287 | E13: Shasta | F13: 0.075453287 | H13: 3
A14: 6920 | C14: Sacramento | D14: 0.010418226 | E14: Yolo | F14: 0.27414153 | H14: 10
E15: Placer | F15: 0.27153029 | H15: 11
E16: El Dorado | F16: 0.073579596 | H16: 12
E17: Sacramento | F17: 0.093585653 | H17: 94
A18: 7120 | C18: Salinas | D18: 0.017465267 | E18: Monterey | F18: 0.017465267 | H18: 91
A19: 7320 | C19: San Diego | D19: 0 | E19: San Diego | F19: 0 | H19: 96
A20: 7362 | C20: San Francisco | D20: 0.010578355 | E20: Alameda | F20: 0.21267543 | H20: 86
E21: Contra Costa | F21: 0.20849084 | H21: 87
E22: Marin | F22: 0.22244836 | H22: 15
E23: San Francisco (city) | F23: 0.34534361 | H23: 19
E24: San Mateo | F24: 0.2647048 | H24: 22
E25: Santa Clara | F25: 0.11491888 | H25: 98
E26: Santa Cruz | F26: 0.076305267 | H26: 76
E27: Sonoma | F27: 0.024464735 | H27: 100
E28: Napa | F28: 0.11454836 | H28: 9
E29: Solano | F29: 0.13480048 | H29: 99
A30: 7480 | C30: Santa Barbara | D30: 0.027512496 | E30: Santa Barbara | F30: 0.027512496 | H30: 32
A31: 8120 | C31: Stockton | D31: 0.14117507 | E31: San Joaquin | F31: 0.14117507 | H31: 97
A32: 8780 | C32: Visalia | D32: 0.012289489 | E32: Tulare | F32: 0.012289489 | H32: 75
A33: 9340 | C33: Yuba | D33: 0.056688492 | E33: Sutter, Yuba | F33: 0.056688492 | H33: 8
A34: 9999 | C34: NonMetro | D34: 0.0689491 | E34: Del Norte, Lassen, Modoc, Siskiyou | F34: 0.10739722 | H34: 1
E35: Humboldt | F35: 0.060535528 | H35: 2
E36: Lake, Mendocino | F36: 0.065504293 | H36: 4
E37: Colusa, Glenn, Tehama, Trinity | F37: 0.19752267 | H37: 5
E38: Nevada, Plumas, Sierra | F38: 0.074388455 | H38: 7
E39: Alpine, Amador, Calaveras, Inyo, Mariposa, Mono, Tuolumne | F39: 0.034817362 | H39: 26
E40: Madera, San Benito | F40: 0.13381661 | H40: 27
E41: Kings | F41: 0.12681477 | H41: 31
E42: Imperial | F42: 0 | H42: 77
E43: San Luis Obispo | F43: 0.042246246 | H43: 80

Sheet Babblefish-APUMA
A1: INTPUMA | B1: APUMA | C1: Total | E1: APUMA | F1: Total | J1: COU | K1: APUMA | L1: NAME | O1: INTPUMA | P1: APUMA | Q1: MSA/PMSA | R1: CMSA | S1: MSANAME | T1: CMSANAME | V1: O-MSA | W1: NAME | X1: O-CMSA | Y1: NAME
A2: 1 | B2: 1 | C2: 104267 | E2: 1 | F2: 104267 | J2: 15 | K2: 1 | L2: Del Norte County | O2: 1 | P2: 1 | Q2: 9999 | R2: 9999 | S2: Non-Metro | T2: NonMetro | V2: 360 | W2: Anaheim | X2: 680 | Y2: Bakersfield
A3: 2 | B3: 2 | C3: 119118 | E3: 2 | F3: 119118 | J3: 35 | K3: 1 | L3: Lassen County | O3: 2 | P3: 2 | Q3: 9999 | R3: 9999 | S3: Non-Metro | T3: NonMetro | V3: 680 | W3: Bakersfield | X3: 1620 | Y3: Chico
A4: 3 | B4: 3 | C4: 147036 | E4: 3 | F4: 147036 | J4: 49 | K4: 1 | L4: Modoc County | O4: 3 | P4: 3 | Q4: 6690 | R4: 6690 | S4: Redding | T4: Redding | V4: 1620 | W4: Chico | X4: 2840 | Y4: Fresno
A5: 4 | B5: 4 | C5: 130976 | E5: 4 | F5: 130976 | J5: 93 | K5: 1 | L5: Siskiyou County | O5: 4 | P5: 4 | Q5: 9999 | R5: 9999 | S5: Non-Metro | T5: NonMetro | V5: 2840 | W5: Fresno | X5: 4472 | Y5: Los Angeles
A6: 5 | B6: 5 | C6: 103761 | E6: 5 | F6: 103761 | J6: 23 | K6: 2 | L6: Humboldt County | O6: 5 | P6: 5 | Q6: 9999 | R6: 9999 | S6: Non-Metro | T6: NonMetro | V6: 4480 | W6: Los Angeles (LA) | X6: 4940 | Y6: Merced
A7: 6 | B7: 6 | C7: 182120 | E7: 6 | F7: 182120 | J7: 89 | K7: 3 | L7: Shasta County | O7: 6 | P7: 6 | Q7: 1620 | R7: 1620 | S7: Chico | T7: Chico | V7: 4940 | W7: Merced | X7: 5170 | Y7: Modesto
A8: 7 | B8: 7 | C8: 101567 | E8: 7 | F8: 101567 | J8: 33 | K8: 4 | L8: Lake County | O8: 7 | P8: 7 | Q8: 9999 | R8: 9999 | S8: Non-Metro | T8: NonMetro | V8: 5170 | W8: Modesto | X8: 6690 | Y8: Redding
A9: 8 | B9: 8 | C9: 122643 | E9: 8 | F9: 122643 | J9: 45 | K9: 4 | L9: Mendocino County | O9: 8 | P9: 8 | Q9: 9340 | R9: 9340 | S9: Yuba | T9: Yuba | V9: 5775 | W9: Oakland (SF) | X9: 6920 | Y9: Sacramento
A10: 9 | B10: 9 | C10: 110765 | E10: 9 | F10: 110765 | J10: 11 | K10: 5 | L10: Colusa County | O10: 9 | P10: 9 | Q10: 8720 | R10: 7362 | S10: Vallejo (SF) | T10: San Francisco | V10: 6000 | W10: Oxnard-Ventura (LA) | X10: 7120 | Y10: Salinas
A11: 10 | B11: 10 | C11: 141092 | E11: 10 | F11: 141092 | J11: 21 | K11: 5 | L11: Glenn County | O11: 10 | P11: 10 | Q11: 6920 | R11: 6920 | S11: Sacramento | T11: Sacramento | V11: 6690 | W11: Redding | X11: 7320 | Y11: San Diego
A12: 11 | B12: 11 | C12: 172796 | E12: 11 | F12: 172796 | J12: 103 | K12: 5 | L12: Tehama County | O12: 11 | P12: 11 | Q12: 6920 | R12: 6920 | S12: Sacramento | T12: Sacramento | V12: 6780 | W12: Riverside (LA) | X12: 7362 | Y12: San Francisco
A13: 12 | B13: 12 | C13: 125995 | E13: 12 | F13: 125995 | J13: 105 | K13: 5 | L13: Trinity County | O13: 12 | P13: 12 | Q13: 6920 | R13: 6920 | S13: Sacramento | T13: Sacramento | V13: 6920 | W13: Sacramento | X13: 7480 | Y13: Santa Barbara
... A17: 16 | B17: 99 | C17: 231222 | E17: 26 | F17: 154145 | J17: 91 | K17: 7 | L17: Sierra County | O17: 26 | P17: 26 | Q17: 9999 | R17: 9999 | S17: Non-Metro | T17: NonMetro | V17: 7400 | W17: San Jose (SF) | X17: 9999 | Y17: NonMetro
A18: 17 | B18: 87 | C18: 112583 | E18: 27 | F18: 124787 | J18: 101 | K18: 8 | L18: Sutter County | O18: 27 | P18: 27 | Q18: 9999 | R18: 9999 | S18: Non-Metro | T18: NonMetro | V18: 7480 | W18: Santa Barbara
A19: 18 | B19: 87 | C19: 691149 | E19: 30 | F19: 178403 | J19: 115 | K19: 8 | L19: Yuba County | O19: 30 | P19: 30 | Q19: 4940 | R19: 4940 | S19: Merced | T19: Merced | V19: 7485 | W19: Santa Cruz (SF)
A20: 19 | B20: 19 | C20: 723959 | E20: 31 | F20: 101469 | J20: 55 | K20: 9 | L20: Napa County | O20: 31 | P20: 31 | Q20: 9999 | R20: 9999 | S20: Non-Metro | T20: NonMetro | V20: 7500 | W20: Santa Rosa (SF)
A21: 20 | B21: 86 | C21: 124791 | E21: 32 | F21: 369608 | J21: 113 | K21: 10 | L21: Yolo County | O21: 32 | P21: 32 | Q21: 7480 | R21: 7480 | S21: Santa Barbara | T21: Santa Barbara | V21: 8120 | W21: Stockton
A22: 21 | B22: 86 | C22: 791512 | E22: 75 | F22: 311921 | J22: 61 | K22: 11 | L22: Placer County | O22: 75 | P22: 75 | Q22: 8780 | R22: 8780 | S22: Visalia | T22: Visalia | V22: 8720 | W22: Vallejo (SF)
A23: 22 | B23: 22 | C23: 649623 | E23: 76 | F23: 229734 | J23: 17 | K23: 12 | L23: El Dorado County | O23: 76 | P23: 76 | Q23: 7485 | R23: 7362 | S23: Santa Cruz (SF) | T23: San Francisco | V23: 8780 | W23: Visalia
A24: 23 | B24: 97 | C24: 269685 | E24: 77 | F24: 109303 | J24: 41 | K24: 15 | L24: Marin County | O24: 77 | P24: 77 | Q24: 9999 | R24: 9999 | S24: Non-Metro | T24: NonMetro | V24: 9340 | W24: Yuba
A25: 24 | B25: 101 | C25: 164730 | E25: 80 | F25: 198579 | J25: 75 | K25: 19 | L25: San Francisco city | O25: 80 | P25: 80 | Q25: 9999 | R25: 9999 | S25: Non-Metro | T25: NonMetro | V25: 9999 | W25: Non-Metro
A26: 25 | B26: 101 | C26: 205792 | E26: 86 | F26: 1279182 | J26: 81 | K26: 22 | L26: San Mateo County | O26: 20 | P26: 86 | Q26: 5775 | R26: 7362 | S26: Oakland (SF) | T26: San Francisco
A27: 26 | B27: 26 | C27: 154145 | E27: 87 | F27: 803732 | J27: 3 | K27: 26 | L27: Alpine County | O27: 21 | P27: 86 | Q27: 5775 | R27: 7362 | S27: Oakland (SF) | T27: San Francisco
A28: 27 | B28: 27 | C28: 124787 | E28: 88 | F28: 667490 | J28: 5 | K28: 26 | L28: Amador County | O28: 74 | P28: 86 | Q28: 5775 | R28: 7362 | S28: Oakland (SF) | T28: San Francisco
A29: 28 | B29: 94 | C29: 369365 | E29: 89 | F29: 543477 | J29: 9 | K29: 26 | L29: Calaveras County | O29: 17 | P29: 87 | Q29: 5775 | R29: 7362 | S29: Oakland (SF) | T29: San Francisco
A30: 29 | B30: 94 | C30: 671854 | E30: 90 | F30: 8863164 | J30: 27 | K30: 26 | L30: Inyo County | O30: 18 | P30: 87 | Q30: 5775 | R30: 7362 | S30: Oakland (SF) | T30: San Francisco
A31: 30 | B31: 30 | C31: 178403 | E31: 91 | F31: 355660 | J31: 43 | K31: 26 | L31: Mariposa County | O31: 40 | P31: 88 | Q31: 2840 | R31: 2840 | S31: Fresno | T31: Fresno
A32: 31 | B32: 31 | C32: 101469 | E32: 92 | F32: 2410556 | J32: 51 | K32: 26 | L32: Mono County | O32: 41 | P32: 88 | Q32: 2840 | R32: 2840 | S32: Fresno | T32: Fresno
A33: 32 | B33: 32 | C33: 369608 | E33: 93 | F33: 1170413 | J33: 109 | K33: 26 | L33: Tuolumne County | O33: 78 | P33: 89 | Q33: 680 | R33: 680 | S33: Bakersfield | T33: Bakersfield
A34: 33 | B34: 96 | C34: 1110549 | E34: 94 | F34: 1041219 | J34: 39 | K34: 27 | L34: Madera County | O34: 79 | P34: 89 | Q34: 680 | R34: 680 | S34: Bakersfield | T34: Bakersfield
A35: 34 | B35: 96 | C35: 128398 | E35: 95 | F35: 1418380 | J35: 69 | K35: 27 | L35: San Benito County | O35: 52 | P35: 90 | Q35: 4480 | R35: 4472 | S35: Los Angeles (LA) | T35: Los Angeles
A36: 35 | B36: 96 | C36: 108635 | E36: 96 | F36: 2498016 | J36: 47 | K36: 30 | L36: Merced County | O36: 53 | P36: 90 | Q36: 4480 | R36: 4472 | S36: Los Angeles (LA) | T36: Los Angeles
A37: 36 | B37: 96 | C37: 135163 | E37: 97 | F37: 480628 | J37: 31 | K37: 31 | L37: Kings County | O37: 54 | P37: 90 | Q37: 4480 | R37: 4472 | S37: Los Angeles (LA) | T37: Los Angeles
... A42: 41 | B42: 88 | C42: 313288 | E42: 103 | F42: 576441 | J42: 79 | K42: 80 | L42: San Luis Obispo County | O42: 59 | P42: 90 | Q42: 4480 | R42: 4472 | S42: Los Angeles (LA) | T42: Los Angeles
A43: 42 | B43: 92 | C43: 293742 | E43: total | F43: 29646839 | J43: 1 | K43: 86 | L43: Alameda County | O43: 60 | P43: 90 | Q43: 4480 | R43: 4472 | S43: Los Angeles (LA) | T43: Los Angeles
A44: 43 | B44: 92 | C44: 140566 | E44: total | F44: 29646839 | J44: 13 | K44: 87 | L44: Contra Costa County | O44: 61 | P44: 90 | Q44: 4480 | R44: 4472 | S44: Los Angeles (LA) | T44: Los Angeles
A45: 44 | B45: 92 | C45: 117028 | J45: 19 | K45: 88 | L45: Fresno County | O45: 62 | P45: 90 | Q45: 4480 | R45: 4472 | S45: Los Angeles (LA) | T45: Los Angeles
A46: 45 | B46: 92 | C46: 119114 | J46: 29 | K46: 89 | L46: Kern County | O46: 63 | P46: 90 | Q46: 4480 | R46: 4472 | S46: Los Angeles (LA) | T46: Los Angeles
A47: 46 | B47: 92 | C47: 131809 | J47: 37 | K47: 90 | L47: Los Angeles County | O47: 64 | P47: 90 | Q47: 4480 | R47: 4472 | S47: Los Angeles (LA) | T47: Los Angeles
A48: 47 | B48: 92 | C48: 143050 | J48: 53 | K48: 91 | L48: Monterey County | O48: 65 | P48: 90 | Q48: 4480 | R48: 4472 | S48: Los Angeles (LA) | T48: Los Angeles
A49: 48 | B49: 92 | C49: 1198841 | J49: 59 | K49: 92 | L49: Orange County | O49: 66 | P49: 90 | Q49: 4480 | R49: 4472 | S49: Los Angeles (LA) | T49: Los Angeles
A50: 49 | B50: 98 | C50: 598100 | J50: 65 | K50: 93 | L50: Riverside County | O50: 38 | P50: 91 | Q50: 7120 | R50: 7120 | S50: Salinas | T50: Salinas
A51: 50 | B51: 98 | C51: 117229 | J51: 67 | K51: 94 | L51: Sacramento County | O51: 39 | P51: 91 | Q51: 7120 | R51: 7120 | S51: Salinas | T51: Salinas
A52: 51 | B52: 98 | C52: 782248 | J52: 71 | K52: 95 | L52: San Bernardino County | O52: 42 | P52: 92 | Q52: 360 | R52: 4472 | S52: Anaheim (LA) | T52: Los Angeles
A53: 52 | B53: 90 | C53: 116223 | J53: 73 | K53: 96 | L53: San Diego County | O53: 43 | P53: 92 | Q53: 360 | R53: 4472 | S53: Anaheim (LA) | T53: Los Angeles
A54: 53 | B54: 90 | C54: 180038 | J54: 77 | K54: 97 | L54: San Joaquin County | O54: 44 | P54: 92 | Q54: 360 | R54: 4472 | S54: Anaheim (LA) | T54: Los Angeles
A55: 54 | B55: 90 | C55: 120076 | J55: 85 | K55: 98 | L55: Santa Clara County | O55: 45 | P55: 92 | Q55: 360 | R55: 4472 | S55: Anaheim (LA) | T55: Los Angeles
A56: 55 | B56: 90 | C56: 126379 | J56: 95 | K56: 99 | L56: Solano | O56: 46 | P56: 92 | Q56: 360 | R56: 4472 | S56: Anaheim (LA) | T56: Los Angeles
... A59: 58 | B59: 90 | C59: 106209 | J59: 111 | K59: 103 | L59: Ventura County | O59: 84 | P59: 92 | Q59: 360 | R59: 4472 | S59: Anaheim (LA) | T59: Los Angeles
A60: 59 | B60: 90 | C60: 131723 | O60: 68 | P60: 93 | Q60: 6780 | R60: 4472 | S60: Riverside (LA) | T60: Los Angeles
A61: 60 | B61: 90 | C61: 104138 | O61: 69 | P61: 93 | Q61: 6780 | R61: 4472 | S61: Riverside (LA) | T61: Los Angeles
A62: 61 | B62: 90 | C62: 109602 | O62: 81 | P62: 93 | Q62: 6780 | R62: 4472 | S62: Riverside (LA) | T62: Los Angeles
A63: 62 | B63: 90 | C63: 132398 | O63: 28 | P63: 94 | Q63: 6920 | R63: 6920 | S63: Sacramento | T63: Sacramento
A64: 63 | B64: 90 | C64: 131591 | O64: 29 | P64: 94 | Q64: 6920 | R64: 6920 | S64: Sacramento | T64: Sacramento
A65: 64 | B65: 90 | C65: 3413793 | O65: 70 | P65: 95 | Q65: 6780 | R65: 4472 | S65: Riverside (LA) | T65: Los Angeles
A66: 65 | B66: 90 | C66: 3485398 | O66: 71 | P66: 95 | Q66: 6780 | R66: 4472 | S66: Riverside (LA) | T66: Los Angeles
A67: 66 | B67: 90 | C67: 429433 | O67: 72 | P67: 95 | Q67: 6780 | R67: 4472 | S67: Riverside (LA) | T67: Los Angeles
A68: 67 | B68: 103 | C68: 434225 | O68: 82 | P68: 95 | Q68: 6780 | R68: 4472 | S68: Riverside (LA) | T68: Los Angeles
A69: 68 | B69: 93 | C69: 118779 | O69: 33 | P69: 96 | Q69: 7320 | R69: 7320 | S69: San Diego | T69: San Diego
A70: 69 | B70: 93 | C70: 825129 | O70: 34 | P70: 96 | Q70: 7320 | R70: 7320 | S70: San Diego | T70: San Diego
A71: 70 | B71: 95 | C71: 101409 | O71: 35 | P71: 96 | Q71: 7320 | R71: 7320 | S71: San Diego | T71: San Diego
... A86: 85 | B86: 97 | C86: 210943 | O86: 83 | P86: 103 | Q86: 6000 | R86: 4472 | S86: Oxnard-Ventura (LA) | T86: Los Angeles
A87: Grand Total | C87: 29646839

Sheet OD-PUMA(Val)
A1: CA-JTW-TRIPS | B1: 1 | C1: 2 | D1: 3 | E1: 4 | F1: 5 | G1: 6 | H1: 7 | I1: 8 | J1: 9 | K1: 10 | L1: 11 | M1: 12 | N1: 13 | O1: 14 | P1: 15 | Q1: 16 | R1: 17 | S1: 18 | T1: 19 | U1: 20 | V1: 21 | W1: 22 | X1: 23 | Y1: 24 | Z1: 25 | AA1: 26 | AB1: 27 | AC1: 28 | AD1: 29 | AE1: 30 | AF1: 31 | AG1: 32 | AH1: 33 | AI1: 34 | AJ1: 35 | AK1: 36 | AL1: 37 | AM1: 38 | AN1: 39 | AO1: 40 | AP1: 41 | AQ1: 42 | AR1: 43 | AS1: 44 | AT1: 45 | AU1: 46 | AV1: 47 | AW1: 48 | AX1: 49 | AY1: 50 | AZ1: 51 | BA1: 52 | BB1: 53 | BC1: 54 | BD1: 55 | BE1: 56 | BF1: 57 | BG1: 58 | BH1: 59 | BI1: 60 | BJ1: 61 | BK1: 62 | BL1: 63 | BM1: 64 | BN1: 65 | BO1: 66 | BP1: 67 | BQ1: 68 | BR1: 69 | BS1: 70 | BT1: 71 | BU1: 72 | BV1: 73 | BW1: 74 | BX1: 75 | BY1: 76 | BZ1: 77 | CA1: 78 | CB1: 79 | CC1: 80 | CD1: 81 | CE1: 82 | CF1: 83 | CG1: 84 | CH1: 0 | CI1: 999 | CJ1: 998 | CK1: TOTAL
A2: 1 | B2: 32903 | C2: 221 | D2: 780 | E2: 104 | F2: 65 | G2: 117 | H2: 403 | I2: 0 | J2: 0 | K2: 0 | L2: 0 | M2: 0 | N2: 0 | O2: 65 | P2: 0 | Q2: 273 | R2: 0 | S2: 0 | T2: 26 | U2: 0 | V2: 0 | W2: 0 | X2: 0 | Y2: 0 | Z2: 0 | AA2: 104 | AB2: 0 | AC2: 117 | AD2: 0 | AE2: 0 | AF2: 0 | AG2: 0 | AH2: 0 | AI2: 0 | AJ2: 0 | AK2: 0 | AL2: 0 | AM2: 0 | AN2: 0 | AO2: 91 | AP2: 0 | AQ2: 0 | AR2: 0 | AS2: 0 | AT2: 0 | AU2: 0 | AV2: 0 | AW2: 0 | AX2: 52 | AY2: 0 | AZ2: 0 | BA2: 0 | BB2: 0 | BC2: 0 | BD2: 0 | BE2: 0 | BF2: 0 | BG2: 0 | BH2: 0 | BI2: 0 | BJ2: 0 | BK2: 0 | BL2: 0 | BM2: 0 | BN2: 0 | BO2: 0 | BP2: 0 | BQ2: 0 | BR2: 39 | BS2: 0 | BT2: 0 | BU2: 0 | BV2: 0 | BW2: 0 | BX2: 52 | BY2: 0 | BZ2: 0 | CA2: 0 | CB2: 0 | CC2: 0 | CD2: 0 | CE2: 0 | CF2: 0 | CG2: 0 | CH2: 70434 | CI2: 0 | CJ2: 0 | CK2: =SUM(B2:CJ2) -> 105846 | CL2: =CH2/SUM(B2:CJ2) -> 0.66543847
A3: 2 | B3: 273 | C3: 49764 | D3: 0 | E3: 273 | F3: 0 | G3: 0 | H3: 0 | I3: 0 | J3: 0 | K3: 0 | L3: 0 | M3: 0 | N3: 0 | O3: 0 | P3: 78 | Q3: 0 | R3: 0 | S3: 0 | T3: 0 | U3: 0 | V3: 0 | W3: 0 | X3: 0 | Y3: 0 | Z3: 0 | AA3: 0 | AB3: 0 | AC3: 0 | AD3: 0 | AE3: 0 | AF3: 0 | AG3: 0 | AH3: 0 | AI3: 0 | AJ3: 0 | AK3: 0 | AL3: 0 | AM3: 0 | AN3: 0 | AO3: 0 | AP3: 0 | AQ3: 0 | AR3: 0 | AS3: 0 | AT3: 0 | AU3: 0 | AV3: 0 | AW3: 0 | AX3: 0 | AY3: 0 | AZ3: 0 | BA3: 0 | BB3: 0 | BC3: 0 | BD3: 0 | BE3: 0 | BF3: 0 | BG3: 0 | BH3: 0 | BI3: 0 | BJ3: 0 | BK3: 0 | BL3: 0 | BM3: 0 | BN3: 104 | BO3: 0 | BP3: 0 | BQ3: 0 | BR3: 0 | BS3: 0 | BT3: 0 | BU3: 0 | BV3: 0 | BW3: 0 | BX3: 0 | BY3: 0 | BZ3: 0 | CA3: 0 | CB3: 0 | CC3: 0 | CD3: 0 | CE3: 0 | CF3: 0 | CG3: 0 | CH3: 70551 | CI3: 0 | CJ3: 0 | CK3: =SUM(B3:CJ3) -> 121043 | CL3: =CH3/SUM(B3:CJ3) -> 0.58285898
A4: 3 | B4: 650 | C4: 117 | D4: 55562 | E4: 52 | F4: 1235 | G4: 91 | H4: 0 | I4: 0 | J4: 0 | K4: 91 | L4: 0 | M4: 0 | N4: 0 | O4: 52 | P4: 0 | Q4: 0 | R4: 91 | S4: 130 | T4: 91 | U4: 0 | V4: 299 | W4: 0 | X4: 0 | Y4: 0 | Z4: 0 | AA4: 0 | AB4: 0 | AC4: 169 | AD4: 0 | AE4: 0 | AF4: 0 | AG4: 0 | AH4: 0 | AI4: 0 | AJ4: 52 | AK4: 0 | AL4: 0 | AM4: 0 | AN4: 0 | AO4: 0 | AP4: 0 | AQ4: 0 | AR4: 0 | AS4: 0 | AT4: 0 | AU4: 0 | AV4: 0 | AW4: 0 | AX4: 182 | AY4: 0 | AZ4: 104 | BA4: 0 | BB4: 0 | BC4: 0 | BD4: 0 | BE4: 0 | BF4: 0 | BG4: 0 | BH4: 0 | BI4: 0 | BJ4: 0 | BK4: 0 | BL4: 0 | BM4: 0 | BN4: 0 | BO4: 0 | BP4: 0 | BQ4: 0 | BR4: 0 | BS4: 0 | BT4: 0 | BU4: 78 | BV4: 0 | BW4: 0 | BX4: 0 | BY4: 0 | BZ4: 0 | CA4: 0 | CB4: 117 | CC4: 0 | CD4: 0 | CE4: 0 | CF4: 0 | CG4: 0 | CH4: 93327 | CI4: 0 | CJ4: 0 | CK4: =SUM(B4:CJ4) -> 152490 | CL4: =CH4/SUM(B4:CJ4) -> 0.61202046
A5: 4 | B5: 0 | C5: 0 | D5: 0 | E5: 47697 | F5: 39 | G5: 0 | H5: 182 | I5: 117 | J5: 65 | K5: 0 | L5: 0 | M5: 0 | N5: 260 | O5: 1209 | P5: 312 | Q5: 0 | R5: 0 | S5: 0 | T5: 429 | U5: 0 | V5: 195 | W5: 117 | X5: 0 | Y5: 0 | Z5: 0 | AA5: 0 | AB5: 0 | AC5: 0 | AD5: 0 | AE5: 0 | AF5: 0 | AG5: 0 | AH5: 0 | AI5: 91 | AJ5: 0 | AK5: 0 | AL5: 0 | AM5: 0 | AN5: 0 | AO5: 0 | AP5: 0 | AQ5: 0 | AR5: 0 | AS5: 0 | AT5: 0 | AU5: 0 | AV5: 0 | AW5: 0 | AX5: 0 | AY5: 130 | AZ5: 52 | BA5: 0 | BB5: 0 | BC5: 0 | BD5: 0 | BE5: 0 | BF5: 0 | BG5: 0 | BH5: 0 | BI5: 0 | BJ5: 0 | BK5: 0 | BL5: 0 | BM5: 0 | BN5: 117 | BO5: 0 | BP5: 0 | BQ5: 0 | BR5: 0 | BS5: 0 | BT5: 0 | BU5: 0 | BV5: 0 | BW5: 0 | BX5: 0 | BY5: 0 | BZ5: 0 | CA5: 0 | CB5: 0 | CC5: 0 | CD5: 0 | CE5: 0 | CF5: 0 | CG5: 0 | CH5: 79183 | CI5: 78 | CJ5: 0 | CK5: =SUM(B5:CJ5) -> 130273 | CL5: =CH5/SUM(B5:CJ5) -> 0.60782357
A6: 5 | B6: 0 | C6: 533 | D6: 2275 | E6: 65 | F6: 28613 | G6: 1105 | H6: 572 | I6: 0 | J6: 0 | K6: 0 | L6: 143 | M6: 0 | N6: 0 | O6: 0 | P6: 0 | Q6: 286 | R6: 0 | S6: 182 | T6: 169 | U6: 0 | V6: 0 | W6: 0 | X6: 0 | Y6: 0 | Z6: 0 | AA6: 0 | AB6: 0 | AC6: 0 | AD6: 0 | AE6: 0 | AF6: 0 | AG6: 0 | AH6: 0 | AI6: 0 | AJ6: 0 | AK6: 0 | AL6: 0 | AM6: 0 | AN6: 0 | AO6: 0 | AP6: 0 | AQ6: 0 | AR6: 0 | AS6: 0 | AT6: 0 | AU6: 0 | AV6: 0 | AW6: 0 | AX6: 143 | AY6: 0 | AZ6: 0 | BA6: 0 | BB6: 0 | BC6: 0 | BD6: 0 | BE6: 0 | BF6: 0 | BG6: 0 | BH6: 0 | BI6: 0 | BJ6: 0 | BK6: 0 | BL6: 0 | BM6: 0 | BN6: 0 | BO6: 0 | BP6: 0 | BQ6: 0 | BR6: 0 | BS6: 0 | BT6: 0 | BU6: 78 | BV6: 0 | BW6: 0 | BX6: 0 | BY6: 0 | BZ6: 0 | CA6: 0 | CB6: 0 | CC6: 0 | CD6: 0 | CE6: 0 | CF6: 0 | CG6: 0 | CH6: 66183 | CI6: 0 | CJ6: 0 | CK6: =SUM(B6:CJ6) -> 100347 | CL6: =CH6/SUM(B6:CJ6) -> 0.65954139
A7: 6 | B7: 299 | C7: 0 | D7: 65 | E7: 0 | F7: 1391 | G7: 62647 | H7: 260 | I7: 1651 | J7: 117 | K7: 0 | L7: 117 | M7: 0 | N7: 0 | O7: 0 | P7: 0 | Q7: 117 | R7: 0 | S7: 0 | T7: 0 | U7: 0 | V7: 0 | W7: 0 | X7: 0 | Y7: 0 | Z7: 0 | AA7: 260 | AB7: 0 | AC7: 130 | AD7: 0 | AE7: 0 | AF7: 0 | AG7: 0 | AH7: 0 | AI7: 117 | AJ7: 0 | AK7: 0 | AL7: 0 | AM7: 0 | AN7: 117 | AO7: 78 | AP7: 0 | AQ7: 0 | AR7: 0 | AS7: 0 | AT7: 0 | AU7: 0 | AV7: 0 | AW7: 0 | AX7: 78 | AY7: 78 | AZ7: 0 | BA7: 0 | BB7: 0 | BC7: 0 | BD7: 0 | BE7: 0 | BF7: 0 | BG7: 0 | BH7: 0 | BI7: 0 | BJ7: 0 | BK7: 0 | BL7: 0 | BM7: 0 | BN7: 0 | BO7: 0 | BP7: 0 | BQ7: 0 | BR7: 0 | BS7: 0 | BT7: 0 | BU7: 0 | BV7: 0 | BW7: 0 | BX7: 0 | BY7: 0 | BZ7: 0 | CA7: 0 | CB7: 0 | CC7: 0 | CD7: 0 | CE7: 0 | CF7: 0 | CG7: 0 | CH7: 111722 | CI7: 78 | CJ7: 0 | CK7: =SUM(B7:CJ7) -> 179322 | CL7: =CH7/SUM(B7:CJ7) -> 0.6230245
A8: 7 | B8: 104 | C8: 0 | D8: 624 | E8: 377 | F8: 78 | G8: 208 | H8: 32396 | I8: 650 | J8: 78 | K8: 0 | L8: 3822 | M8: 0 | N8: 0 | O8: 156 | P8: 0 | Q8: 0 | R8: 0 | S8: 91 | T8: 117 | U8: 221 | V8: 0 | W8: 117 | X8: 143 | Y8: 143 | Z8: 0 | AA8: 91 | AB8: 0 | AC8: 689 | AD8: 546 | AE8: 0 | AF8: 0 | AG8: 0 | AH8: 130 | AI8: 0 | AJ8: 0 | AK8: 0 | AL8: 52 | AM8: 0 | AN8: 0 | AO8: 0 | AP8: 26 | AQ8: 0 | AR8: 0 | AS8: 0 | AT8: 0 | AU8: 0 | AV8: 0 | AW8: 0 | AX8: 104 | AY8: 0 | AZ8: 0 | BA8: 0 | BB8: 104 | BC8: 0 | BD8: 0 | BE8: 0 | BF8: 0 | BG8: 0 | BH8: 0 | BI8: 0 | BJ8: 0 | BK8: 0 | BL8: 0 | BM8: 0 | BN8: 0 | BO8: 0 | BP8: 0 | BQ8: 0 | BR8: 0 | BS8: 0 | BT8: 0 | BU8: 0 | BV8: 0 | BW8: 0 | BX8: 0 | BY8: 0 | BZ8: 0 | CA8: 0 | CB8: 0 | CC8: 0 | CD8: 0 | CE8: 0 | CF8: 0 | CG8: 0 | CH8: 61087 | CI8: 0 | CJ8: 0 | CK8: =SUM(B8:CJ8) -> 102154 | CL8: =CH8/SUM(B8:CJ8) -> 0.59798931
A9: 8 | B9: 0 | C9: 0 | D9: 0 | E9: 0 | F9: 403 | G9: 663 | H9: 312 | I9: 38493 | J9: 0 | K9: 1521 | L9: 1196 | M9: 0 | N9: 0 | O9: 0 | P9: 0 | Q9: 364 | R9: 0 | S9: 0 | T9: 0 | U9: 0 | V9: 91 | W9: 0 | X9: 0 | Y9: 0 | Z9: 78 | AA9: 0 | AB9: 0 | AC9: 1456 | AD9: 2184 | AE9: 0 | AF9: 0 | AG9: 0 | AH9: 0 | AI9: 0 | AJ9: 0 | AK9: 0 | AL9: 0 | AM9: 0 | AN9: 0 | AO9: 0 | AP9: 0 | AQ9: 0 | AR9: 0 | AS9: 0 | AT9: 0 | AU9: 0 | AV9: 0 | AW9: 0 | AX9: 0 | AY9: 0 | AZ9: 0 | BA9: 0 | BB9: 0 | BC9: 0 | BD9: 0 | BE9: 0 | BF9: 0 | BG9: 0 | BH9: 0 | BI9: 0 | BJ9: 0 | BK9: 0 | BL9: 0 | BM9: 0 | BN9: 0 | BO9: 0 | BP9: 0 | BQ9: 0 | BR9: 0 | BS9: 0 | BT9: 0 | BU9: 0 | BV9: 0 | BW9: 0 | BX9: 0 | BY9: 0 | BZ9: 0 | CA9: 0 | CB9: 0 | CC9: 0 | CD9: 0 | CE9: 0 | CF9: 0 | CG9: 0 | CH9: 74074 | CI9: 0 | CJ9: 0 | CK9: =SUM(B9:CJ9) -> 120835 | CL9: =CH9/SUM(B9:CJ9) -> 0.61301775
A10: 9 | B10: 143 | C10: 0 | D10: 0 | E10: 208 | F10: 0 | G10: 0 | H10: 0 | I10: 0 | J10: 37791 | K10: 104 | L10: 0 | M10: 0 | N10: 559 | O10: 1222 | P10: 429 | Q10: 1781 | R10: 208 | S10: 1703 | T10: 897 | U10: 325 | V10: 572 | W10: 195 | X10: 0 | Y10: 0 | Z10: 0 | AA10: 0 | AB10: 0 | AC10: 286 | AD10: 0 | AE10: 0 | AF10: 0 | AG10: 0 | AH10: 0 | AI10: 0 | AJ10: 0 | AK10: 0 | AL10: 91 | AM10: 0 | AN10: 0 | AO10: 0 | AP10: 0 | AQ10: 0 | AR10: 0 | AS10: 0 | AT10: 0 | AU10: 0 | AV10: 0 | AW10: 0 | AX10: 117 | AY10: 0 | AZ10: 273 | BA10: 0 | BB10: 0 | BC10: 0 | BD10: 0 | BE10: 0 | BF10: 0 | BG10: 0 | BH10: 0 | BI10: 0 | BJ10: 0 | BK10: 0 | BL10: 0 | BM10: 104 | BN10: 0 | BO10: 0 | BP10: 0 | BQ10: 0 | BR10: 0 | BS10: 0 | BT10: 0 | BU10: 0 | BV10: 4901 | BW10: 0 | BX10: 0 | BY10: 0 | BZ10: 0 | CA10: 0 | CB10: 0 | CC10: 0 | CD10: 0 | CE10: 0 | CF10: 0 | CG10: 0 | CH10: 57291 | CI10: 0 | CJ10: 0 | CK10: =SUM(B10:CJ10) -> 109200 | CL10: =CH10/SUM(B10:CJ10) -> 0.52464286
A11: 10 | B11: 65 | C11: 0 | D11: 221 | E11: 0 | F11: 182 | G11: 221 | H11: 0 | I11: 507 | J11: 169 | K11: 44408 | L11: 208 | M11: 195 | N11: 0 | O11: 0 | P11: 0 | Q11: 2015 | R11: 0 | S11: 299 | T11: 0 | U11: 221 | V11: 91 | W11: 78 | X11: 351 | Y11: 117 | Z11: 0 | AA11: 117 | AB11: 0 | AC11: 13039 | AD11: 4069 | AE11: 0 | AF11: 0 | AG11: 0 | AH11: 0 | AI11: 0 | AJ11: 0 | AK11: 0 | AL11: 0 | AM11: 0 | AN11: 0 | AO11: 0 | AP11: 0 | AQ11: 0 | AR11: 0 | AS11: 0 | AT11: 0 | AU11: 0 | AV11: 0 | AW11: 0 | AX11: 65 | AY11: 0 | AZ11: 0 | BA11: 0 | BB11: 0 | BC11: 0 | BD11: 0 | BE11: 0 | BF11: 0 | BG11: 0 | BH11: 0 | BI11: 0 | BJ11: 0 | BK11: 0 | BL11: 0 | BM11: 0 | BN11: 78 | BO11: 0 | BP11: 0 | BQ11: 0 | BR11: 0 | BS11: 0 | BT11: 0 | BU11: 0 | BV11: 169 | BW11: 0 | BX11: 0 | BY11: 0 | BZ11: 0 | CA11: 0 | CB11: 0 | CC11: 0 | CD11: 0 | CE11: 0 | CF11: 0 | CG11: 0 | CH11: 75231 | CI11: 0 | CJ11: 0 | CK11: =SUM(B11:CJ11) -> 142116 | CL11: =CH11/SUM(B11:CJ11) -> 0.52936334
A12: 11 | B12: 0 | C12: 0 | D12: 429 | E12: 1456 | F12: 416 | G12: 0 | H12: 1872 | I12: 247 | J12: 0 | K12: 1131 | L12: 46007 | M12: 104 | N12: 0 | O12: 26 | P12: 0 | Q12: 377 | R12: 0 | S12: 624 | T12: 91 | U12: 104 | V12: 0 | W12: 26 | X12: 0 | Y12: 0 | Z12: 195 | AA12: 312 | AB12: 0 | AC12: 11089 | AD12: 14482 | AE12: 0 | AF12: 0 | AG12: 0 | AH12: 0 | AI12: 0 | AJ12: 0 | AK12: 0 | AL12: 143 | AM12: 0 | AN12: 0 | AO12: 0 | AP12: 117 | AQ12: 0 | AR12: 0 | AS12: 0 | AT12: 0 | AU12: 0 | AV12: 0 | AW12: 182 | AX12: 442 | AY12: 0 | AZ12: 0 | BA12: 0 | BB12: 0 | BC12: 0 | BD12: 0 | BE12: 0 | BF12: 0 | BG12: 0 | BH12: 0 | BI12: 78 | BJ12: 0 | BK12: 0 | BL12: 0 | BM12: 0 | BN12: 143 | BO12: 0 | BP12: 156 | BQ12: 0 | BR12: 169 | BS12: 0 | BT12: 0 | BU12: 0 | BV12: 0 | BW12: 0 | BX12: 0 | BY12: 0 | BZ12: 0 | CA12: 0 | CB12: 0 | CC12: 0 | CD12: 0 | CE12: 0 | CF12: 0 | CG12: 0 | CH12: 90948 | CI12: 117 | CJ12: 0 | CK12: =SUM(B12:CJ12) -> 171483 | CL12: =CH12/SUM(B12:CJ12) -> 0.53036161
A13: 12 | B13: 0 | C13: 143 | D13: 299 | E13: 0 | F13: 5811 | G13: 143 | H13: 130 | I13: 0 | J13: 0 | K13: 494 | L13: 1651 | M13: 30693 | N13: 0 | O13: 91 | P13: 0 | Q13: 117 | R13: 0 | S13: 91 | T13: 156 | U13: 0 | V13: 26 | W13: 182 | X13: 182 | Y13: 0 | Z13: 0 | AA13: 312 | AB13: 0 | AC13: 6903 | AD13: 8125 | AE13: 0 | AF13: 0 | AG13: 0 | AH13: 117 | AI13: 0 | AJ13: 0 | AK13: 0 | AL13: 0 | AM13: 0 | AN13: 0 | AO13: 0 | AP13: 0 | AQ13: 130 | AR13: 0 | AS13: 0 | AT13: 0 | AU13: 0 | AV13: 0 | AW13: 39 | AX13: 0 | AY13: 91 | AZ13: 0 | BA13: 0 | BB13: 0 | BC13: 0 | BD13: 0 | BE13: 0 | BF13: 0 | BG13: 0 | BH13: 0 | BI13: 0 | BJ13: 0 | BK13: 0 | BL13: 0 | BM13: 0 | BN13: 78 | BO13: 0 | BP13: 78 | BQ13: 0 | BR13: 0 | BS13: 0 | BT13: 0 | BU13: 0 | BV13: 0 | BW13: 0 | BX13: 0 | BY13: 0 | BZ13: 0 | CA13: 0 | CB13: 0 | CC13: 0 | CD13: 0 | CE13: 0 | CF13: 0 | CG13: 0 | CH13: 66781 | CI13: 0 | CJ13: 0 | CK13: =SUM(B13:CJ13) -> 122863 | CL13: =CH13/SUM(B13:CJ13) -> 0.54354037
... A85: 84 | B85: 78 | C85: 0 | D85: 0 | E85: 0 | F85: 0 | G85: 0 | H85: 0 | I85: 0 | J85: 0 | K85: 0 | L85: 78 | M85: 0 | N85: 0 | O85: 0 | P85: 0 | Q85: 0 | R85: 0 | S85: 104 | T85: 0 | U85: 0 | V85: 0 | W85: 0 | X85: 0 | Y85: 0 | Z85: 0 | AA85: 0 | AB85: 0 | AC85: 0 | AD85: 0 | AE85: 0 | AF85: 0 | AG85: 0 | AH85: 91 | AI85: 221 | AJ85: 0 | AK85: 0 | AL85: 0 | AM85: 0 | AN85: 0 | AO85: 0 | AP85: 0 | AQ85: 10348 | AR85: 455 | AS85: 559 | AT85: 676 | AU85: 1300 | AV85: 4719 | AW85: 52455 | AX85: 0 | AY85: 0 | AZ85: 0 | BA85: 65 | BB85: 91 | BC85: 247 | BD85: 520 | BE85: 104 | BF85: 325 | BG85: 78 | BH85: 234 | BI85: 351 | BJ85: 182 | BK85: 0 | BL85: 0 | BM85: 11219 | BN85: 3952 | BO85: 3120 | BP85: 143 | BQ85: 0 | BR85: 611 | BS85: 0 | BT85: 442 | BU85: 663 | BV85: 0 | BW85: 0 | BX85: 0 | BY85: 0 | BZ85: 0 | CA85: 0 | CB85: 0 | CC85: 0 | CD85: 429 | CE85: 247 | CF85: 0 | CG85: 46176 | CH85: 129155 | CI85: 143 | CJ85: 0 | CK85: =SUM(B85:CJ85) -> 269581 | CL85: =CH85/SUM(B85:CJ85) -> 0.47909534
A86: TOTAL | B86: =SUM(B2:B85) -> 39637 | C86: =SUM(C2:C85) -> 56186 | D86: =SUM(D2:D85) -> 63999 | E86: =SUM(E2:E85) -> 54210 | F86: =SUM(F2:F85) -> 39559 | G86: =SUM(G2:G85) -> 66534 | H86: =SUM(H2:H85) -> 37271 | I86: =SUM(I2:I85) -> 43238 | ... CJ86: =SUM(CJ2:CJ85) -> 0 | CK86: =SUM(B86:CJ86) -> 29449878
A97: =SUM(B2:CJ85) -> 29449878

Sheet OD-PUMA(rev)
B1: 1 | C1: 2 | D1: 3 | E1: 4 | F1: 5 | G1: 6 | H1: 7 | I1: 8 | J1: 9 | K1: 10 | L1: 11 | M1: 12 | N1: 13 | O1: 14 | P1: 15 | Q1: 16 | R1: 17 | S1: 18 | T1: 19 | U1: 20 | V1: 21 | W1: 22 | X1: 23 | Y1: 24 | Z1: 25 | AA1: 26 | AB1: 27 | AC1: 28 | AD1: 29 | AE1: 30 | AF1: 31 | AG1: 32 | AH1: 33 | AI1: 34 | AJ1: 35 | AK1: 36 | AL1: 37 | AM1: 38 | AN1: 39 | AO1: 40 | AP1: 41 | AQ1: 42 | AR1: 43 | AS1: 44 | AT1: 45 | AU1: 46 | AV1: 47 | AW1: 48 | AX1: 49 | AY1: 50 | AZ1: 51 | BA1: 52 | BB1: 53 | BC1: 54 | BD1: 55 | BE1: 56 | BF1: 57 | BG1: 58 | BH1: 59 | BI1: 60 | BJ1: 61 | BK1: 62 | BL1: 63 | BM1: 64 | BN1: 65 | BO1: 66 | BP1: 67 | BQ1: 68 | BR1: 69 | BS1: 70 | BT1: 71 | BU1: 72 | BV1: 73 | BW1: 74 | BX1: 75 | BY1: 76 | BZ1: 77 | CA1: 78 | CB1: 79 | CC1: 80 | CD1: 81 | CE1: 82 | CF1: 83 | CG1: 84 | CH1: 0 | CI1: 999 | CJ1: 998
A2: 1 | B2: =VLOOKUP(B$1+1000*$A2,MASTER6!$A$2:$D$8001,4,FALSE()) -> 32903 | C2: =VLOOKUP(C$1+1000*$A2,MASTER6!$A$2:$D$8001,4,FALSE()) -> 221 | D2: =VLOOKUP(D$1+1000*$A2,MASTER6!$A$2:$D$8001,4,FALSE()) -> 780 | E2: =VLOOKUP(E$1+1000*$A2,MASTER6!$A$2:$D$8001,4,FALSE()) -> 104 | F2: =VLOOKUP(F$1+1000*$A2,MASTER6!$A$2:$D$8001,4,FALSE()) -> 65 | G2: =VLOOKUP(G$1+1000*$A2,MASTER6!$A$2:$D$8001,4,FALSE()) -> 117 | H2: =VLOOKUP(H$1+1000*$A2,MASTER6!$A$2:$D$8001,4,FALSE()) -> 403 | I2: =VLOOKUP(I$1+1000*$A2,MASTER6!$A$2:$D$8001,4,FALSE()) -> #N/A | ... CJ2: =VLOOKUP(CJ$1+1000*$A2,MASTER6!$A$2:$D$8001,4,FALSE()) -> #N/A
A3: 2 | B3: =VLOOKUP(B$1+1000*$A3,MASTER6!$A$2:$D$8001,4,FALSE()) -> 273 | C3: =VLOOKUP(C$1+1000*$A3,MASTER6!$A$2:$D$8001,4,FALSE()) -> 49764 | D3: =VLOOKUP(D$1+1000*$A3,MASTER6!$A$2:$D$8001,4,FALSE()) -> 0 | E3: =VLOOKUP(E$1+1000*$A3,MASTER6!$A$2:$D$8001,4,FALSE()) -> 273 | F3: =VLOOKUP(F$1+1000*$A3,MASTER6!$A$2:$D$8001,4,FALSE()) -> 0 | G3: =VLOOKUP(G$1+1000*$A3,MASTER6!$A$2:$D$8001,4,FALSE()) -> 0 | H3: =VLOOKUP(H$1+1000*$A3,MASTER6!$A$2:$D$8001,4,FALSE()) -> 0 | I3: =VLOOKUP(I$1+1000*$A3,MASTER6!$A$2:$D$8001,4,FALSE()) -> #N/A | ... CJ3: =VLOOKUP(CJ$1+1000*$A3,MASTER6!$A$2:$D$8001,4,FALSE()) -> #N/A
A4: 3 | B4: =VLOOKUP(B$1+1000*$A4,MASTER6!$A$2:$D$8001,4,FALSE()) -> 650 | C4: =VLOOKUP(C$1+1000*$A4,MASTER6!$A$2:$D$8001,4,FALSE()) -> 117 | D4: =VLOOKUP(D$1+1000*$A4,MASTER6!$A$2:$D$8001,4,FALSE()) -> 55562 | E4: =VLOOKUP(E$1+1000*$A4,MASTER6!$A$2:$D$8001,4,FALSE()) -> 52 | F4: =VLOOKUP(F$1+1000*$A4,MASTER6!$A$2:$D$8001,4,FALSE()) -> 1235 | G4: =VLOOKUP(G$1+1000*$A4,MASTER6!$A$2:$D$8001,4,FALSE()) -> 91 | H4: =VLOOKUP(H$1+1000*$A4,MASTER6!$A$2:$D$8001,4,FALSE()) -> 0 | I4: =VLOOKUP(I$1+1000*$A4,MASTER6!$A$2:$D$8001,4,FALSE()) -> #N/A | ... CJ4: =VLOOKUP(CJ$1+1000*$A4,MASTER6!$A$2:$D$8001,4,FALSE()) -> #N/A
A5: 4 | B5: =VLOOKUP(B$1+1000*$A5,MASTER6!$A$2:$D$8001,4,FALSE()) -> 0 | C5: =VLOOKUP(C$1+1000*$A5,MASTER6!$A$2:$D$8001,4,FALSE()) -> 0 | D5: =VLOOKUP(D$1+1000*$A5,MASTER6!$A$2:$D$8001,4,FALSE()) -> 0 | E5: =VLOOKUP(E$1+1000*$A5,MASTER6!$A$2:$D$8001,4,FALSE()) -> 47697 | F5: =VLOOKUP(F$1+1000*$A5,MASTER6!$A$2:$D$8001,4,FALSE()) -> 39 | G5: =VLOOKUP(G$1+1000*$A5,MASTER6!$A$2:$D$8001,4,FALSE()) -> 0 | H5: =VLOOKUP(H$1+1000*$A5,MASTER6!$A$2:$D$8001,4,FALSE()) -> 182 | I5: =VLOOKUP(I$1+1000*$A5,MASTER6!$A$2:$D$8001,4,FALSE()) -> 117 | ... CJ5: =VLOOKUP(CJ$1+1000*$A5,MASTER6!$A$2:$D$8001,4,FALSE()) -> #N/A
A6: 5 | B6: =VLOOKUP(B$1+1000*$A6,MASTER6!$A$2:$D$8001,4,FALSE()) -> 0 | C6: =VLOOKUP(C$1+1000*$A6,MASTER6!$A$2:$D$8001,4,FALSE()) -> 533 | D6: =VLOOKUP(D$1+1000*$A6,MASTER6!$A$2:$D$8001,4,FALSE()) -> 2275 | E6: =VLOOKUP(E$1+1000*$A6,MASTER6!$A$2:$D$8001,4,FALSE()) -> 65 | F6: =VLOOKUP(F$1+1000*$A6,MASTER6!$A$2:$D$8001,4,FALSE()) -> 28613 | G6: =VLOOKUP(G$1+1000*$A6,MASTER6!$A$2:$D$8001,4,FALSE()) -> 1105 | H6: =VLOOKUP(H$1+1000*$A6,MASTER6!$A$2:$D$8001,4,FALSE()) -> 572 | I6: =VLOOKUP(I$1+1000*$A6,MASTER6!$A$2:$D$8001,4,FALSE()) -> 0 | ... CJ6: =VLOOKUP(CJ$1+1000*$A6,MASTER6!$A$2:$D$8001,4,FALSE()) -> #N/A
A7: 6 | B7: =VLOOKUP(B$1+1000*$A7,MASTER6!$A$2:$D$8001,4,FALSE()) -> 299 | C7: =VLOOKUP(C$1+1000*$A7,MASTER6!$A$2:$D$8001,4,FALSE()) -> 0 | D7: =VLOOKUP(D$1+1000*$A7,MASTER6!$A$2:$D$8001,4,FALSE()) -> 65 | E7: =VLOOKUP(E$1+1000*$A7,MASTER6!$A$2:$D$8001,4,FALSE()) -> 0 | F7: =VLOOKUP(F$1+1000*$A7,MASTER6!$A$2:$D$8001,4,FALSE()) -> 1391 | G7: =VLOOKUP(G$1+1000*$A7,MASTER6!$A$2:$D$8001,4,FALSE()) -> 62647 | H7: =VLOOKUP(H$1+1000*$A7,MASTER6!$A$2:$D$8001,4,FALSE()) -> 260 | I7: =VLOOKUP(I$1+1000*$A7,MASTER6!$A$2:$D$8001,4,FALSE()) -> 1651 | ... CJ7: =VLOOKUP(CJ$1+1000*$A7,MASTER6!$A$2:$D$8001,4,FALSE()) -> #N/A
A8: 7 | B8: =VLOOKUP(B$1+1000*$A8,MASTER6!$A$2:$D$8001,4,FALSE()) -> 104 | C8: =VLOOKUP(C$1+1000*$A8,MASTER6!$A$2:$D$8001,4,FALSE()) -> 0 | D8: =VLOOKUP(D$1+1000*$A8,MASTER6!$A$2:$D$8001,4,FALSE()) -> 624 | E8: =VLOOKUP(E$1+1000*$A8,MASTER6!$A$2:$D$8001,4,FALSE()) -> 377 | F8: =VLOOKUP(F$1+1000*$A8,MASTER6!$A$2:$D$8001,4,FALSE()) -> 78 | G8: =VLOOKUP(G$1+1000*$A8,MASTER6!$A$2:$D$8001,4,FALSE()) -> 208 | H8: =VLOOKUP(H$1+1000*$A8,MASTER6!$A$2:$D$8001,4,FALSE()) -> 32396 | I8: =VLOOKUP(I$1+1000*$A8,MASTER6!$A$2:$D$8001,4,FALSE()) -> 650 | ... CJ8: =VLOOKUP(CJ$1+1000*$A8,MASTER6!$A$2:$D$8001,4,FALSE()) -> #N/A
A9: 8 | B9: =VLOOKUP(B$1+1000*$A9,MASTER6!$A$2:$D$8001,4,FALSE()) -> 0 | C9: =VLOOKUP(C$1+1000*$A9,MASTER6!$A$2:$D$8001,4,FALSE()) -> 0 | D9: =VLOOKUP(D$1+1000*$A9,MASTER6!$A$2:$D$8001,4,FALSE()) -> 0 | E9: =VLOOKUP(E$1+1000*$A9,MASTER6!$A$2:$D$8001,4,FALSE()) -> 0 | F9: =VLOOKUP(F$1+1000*$A9,MASTER6!$A$2:$D$8001,4,FALSE()) -> 403 | G9: =VLOOKUP(G$1+1000*$A9,MASTER6!$A$2:$D$8001,4,FALSE()) -> 663 | H9: =VLOOKUP(H$1+1000*$A9,MASTER6!$A$2:$D$8001,4,FALSE()) -> 312 | I9: =VLOOKUP(I$1+1000*$A9,MASTER6!$A$2:$D$8001,4,FALSE()) -> 38493 | ... CJ9: =VLOOKUP(CJ$1+1000*$A9,MASTER6!$A$2:$D$8001,4,FALSE()) -> #N/A
A10: 9 | B10: =VLOOKUP(B$1+1000*$A10,MASTER6!$A$2:$D$8001,4,FALSE()) -> 143 | C10: =VLOOKUP(C$1+1000*$A10,MASTER6!$A$2:$D$8001,4,FALSE()) -> 0 | D10: =VLOOKUP(D$1+1000*$A10,MASTER6!$A$2:$D$8001,4,FALSE()) -> 0 | E10: =VLOOKUP(E$1+1000*$A10,MASTER6!$A$2:$D$8001,4,FALSE()) -> 208 | F10: =VLOOKUP(F$1+1000*$A10,MASTER6!$A$2:$D$8001,4,FALSE()) -> 0 | G10: =VLOOKUP(G$1+1000*$A10,MASTER6!$A$2:$D$8001,4,FALSE()) -> 0 | H10: =VLOOKUP(H$1+1000*$A10,MASTER6!$A$2:$D$8001,4,FALSE()) -> 0 | I10: =VLOOKUP(I$1+1000*$A10,MASTER6!$A$2:$D$8001,4,FALSE()) -> 0 | ... CJ10: =VLOOKUP(CJ$1+1000*$A10,MASTER6!$A$2:$D$8001,4,FALSE()) -> #N/A
A11: 10 | B11: =VLOOKUP(B$1+1000*$A11,MASTER6!$A$2:$D$8001,4,FALSE()) -> 65 | C11: =VLOOKUP(C$1+1000*$A11,MASTER6!$A$2:$D$8001,4,FALSE()) -> 0 | D11: =VLOOKUP(D$1+1000*$A11,MASTER6!$A$2:$D$8001,4,FALSE()) -> 221 | E11: =VLOOKUP(E$1+1000*$A11,MASTER6!$A$2:$D$8001,4,FALSE()) -> 0 | F11: =VLOOKUP(F$1+1000*$A11,MASTER6!$A$2:$D$8001,4,FALSE()) -> 182 | G11: =VLOOKUP(G$1+1000*$A11,MASTER6!$A$2:$D$8001,4,FALSE()) -> 221 | H11: =VLOOKUP(H$1+1000*$A11,MASTER6!$A$2:$D$8001,4,FALSE()) -> 0 | I11: =VLOOKUP(I$1+1000*$A11,MASTER6!$A$2:$D$8001,4,FALSE()) -> 507 | ... CJ11: =VLOOKUP(CJ$1+1000*$A11,MASTER6!$A$2:$D$8001,4,FALSE()) -> #N/A
A12: 11 | B12: =VLOOKUP(B$1+1000*$A12,MASTER6!$A$2:$D$8001,4,FALSE()) -> 0 | C12: =VLOOKUP(C$1+1000*$A12,MASTER6!$A$2:$D$8001,4,FALSE()) -> 0 | D12: =VLOOKUP(D$1+1000*$A12,MASTER6!$A$2:$D$8001,4,FALSE()) -> 429 | E12: =VLOOKUP(E$1+1000*$A12,MASTER6!$A$2:$D$8001,4,FALSE()) -> 1456 | F12: =VLOOKUP(F$1+1000*$A12,MASTER6!$A$2:$D$8001,4,FALSE()) -> 416 | G12: =VLOOKUP(G$1+1000*$A12,MASTER6!$A$2:$D$8001,4,FALSE()) -> 0 | H12: =VLOOKUP(H$1+1000*$A12,MASTER6!$A$2:$D$8001,4,FALSE()) -> 1872 | I12: =VLOOKUP(I$1+1000*$A12,MASTER6!$A$2:$D$8001,4,FALSE()) -> 247 | ... CJ12: =VLOOKUP(CJ$1+1000*$A12,MASTER6!$A$2:$D$8001,4,FALSE()) -> #N/A
A13: 12 | B13: =VLOOKUP(B$1+1000*$A13,MASTER6!$A$2:$D$8001,4,FALSE()) -> 0 | C13: =VLOOKUP(C$1+1000*$A13,MASTER6!$A$2:$D$8001,4,FALSE()) -> 143 | D13: =VLOOKUP(D$1+1000*$A13,MASTER6!$A$2:$D$8001,4,FALSE()) -> 299 | E13: =VLOOKUP(E$1+1000*$A13,MASTER6!$A$2:$D$8001,4,FALSE()) -> 0 | F13: =VLOOKUP(F$1+1000*$A13,MASTER6!$A$2:$D$8001,4,FALSE()) -> 5811 | G13: =VLOOKUP(G$1+1000*$A13,MASTER6!$A$2:$D$8001,4,FALSE()) -> 143 | H13: =VLOOKUP(H$1+1000*$A13,MASTER6!$A$2:$D$8001,4,FALSE()) -> 130 | I13: =VLOOKUP(I$1+1000*$A13,MASTER6!$A$2:$D$8001,4,FALSE()) -> 0 | ... CJ13: =VLOOKUP(CJ$1+1000*$A13,MASTER6!$A$2:$D$8001,4,FALSE()) -> #N/A
... A85: 84 | B85: =VLOOKUP(B$1+1000*$A85,MASTER6!$A$2:$D$8001,4,FALSE()) -> 78 | C85: =VLOOKUP(C$1+1000*$A85,MASTER6!$A$2:$D$8001,4,FALSE()) -> 0 | D85: =VLOOKUP(D$1+1000*$A85,MASTER6!$A$2:$D$8001,4,FALSE()) -> 0 | E85: =VLOOKUP(E$1+1000*$A85,MASTER6!$A$2:$D$8001,4,FALSE()) -> 0 | F85: =VLOOKUP(F$1+1000*$A85,MASTER6!$A$2:$D$8001,4,FALSE()) -> 0 | G85: =VLOOKUP(G$1+1000*$A85,MASTER6!$A$2:$D$8001,4,FALSE()) -> 0 | H85: =VLOOKUP(H$1+1000*$A85,MASTER6!$A$2:$D$8001,4,FALSE()) -> 0 | I85: =VLOOKUP(I$1+1000*$A85,MASTER6!$A$2:$D$8001,4,FALSE()) -> 0 | ... CJ85: =VLOOKUP(CJ$1+1000*$A85,MASTER6!$A$2:$D$8001,4,FALSE()) -> #N/A

Sheet OD-APUMA(Val)
A1: Sum of TRIPS | B1: D-APUMA | BJ1: NoNeighbor | BN1: ITERATION 0 | BP1: ITERATION 1 | BR1: ITERATION 2 | BT1: ITERATION 3 | BV1: UPPER BOUND (All Neighbors Tolls=1)
A2: O-APUMA | B2: 0 | C2: 1 | D2: 2 | E2: 3 | F2: 4 | G2: 5 | H2: 6 | I2: 7 | J2: 8 | K2: 9 | L2: 10 | M2: 11 | N2: 12 | O2: 15 | P2: 19 | Q2: 22 | R2: 26 | S2: 27 | T2: 30 | U2: 31 | V2: 32 | W2: 75 | X2: 76 | Y2: 77 | Z2: 80 | AA2: 86 | AB2: 87 | AC2: 88 | AD2: 89 | AE2: 90 | AF2: 91 | AG2: 92 | AH2: 93 | AI2: 94 | AJ2: 95 | AK2: 96 | AL2: 97 | AM2: 98 | AN2: 99 | AO2: 100 | AP2: 101 | AQ2: 103 | AR2: 858 | AS2: 983 | AT2: 999 | AU2: Grand Total | AW2: APUMA | AX2: NAME | AY2: Residents who Work of DMLPUMA | AZ2: Residents Who Work In DML PUMA | BA2: Total Workers | BB2: Total Population | BC2: ExportedLabor | BE2: ResidentWorkers | BF2: Non-ResidentWorkers | BG2: Total Workers | BH2: ImportedLabor | BJ2: TollShare | BL2: TollShare*TotalPop | BN2: N1^4 | BO2: TollShare | BP2: N1^4 | BQ2: TollShare | BR2: N1^4 | BS2: TollShare | BT2: N1^4 | BU2: TollShare | BV2: N1^4 | BW2: TollShare
A3: 1 | B3: 70434 | C3: 32903 | D3: 221 | E3: 780 | F3: 104 | G3: 65 | H3: 117 | I3: 403 | J3: 0 | K3: 0 | L3: 0 | M3: 0 | N3: 0 | O3: 0 | P3: 26 | Q3: 0 | R3: 104 | S3: 0 | T3: 0 | U3: 0 | V3: 0 | W3: 52 | X3: 0 | Y3: 0 | Z3: 0 | AA3: 0 | AB3: 0 | AC3: 91 | AD3: 0 | AE3: 0 | AF3: 0 | AG3: 0 | AH3: 39 | AI3: 117 | AJ3: 0 | AK3: 0 | AL3: 0 | AM3: 52 | AN3: 273 | AO3: 65 | AP3: 0 | AQ3: 0 | AR3: 0 | AS3: 0 | AT3: 0 | AU3: =SUM(B3:AT3) -> 105846 | AW3: =A3 -> 1 | AX3: =VLOOKUP(AW3,'Babblefish-APUMA'!$K$1:$L$59,2) -> Siskiyou County | AY3: =SUM(C3:AT3)-MAX(C3:AT3) -> 2509 | AZ3: =MAX(C3:AT3) -> 32903 | BA3: =SUM(C3:AT3) -> 35412 | BB3: =AU3 -> 105846 | BC3: =AY3/BA3 -> 0.070851689 | BE3: 32903 | BF3: 6734 | BG3: 39637 | BH3: 0.16989177 | BJ3: =-0.0364+0.00000000386*BB3+0.844*BH3 -> 0.10739722 | BL3: =BJ3*BB3 -> 11367.566 | BN3: 0 | BO3: =-0.03444+0.00000000383*$BB3+0.299*0+0.84588*$BH3+89876.77*(BN3) -> 0.10967344 | BP3: 1.0909519e-09 | BQ3: =MIN(MAX(0,-0.03444+0.00000000383*$BB3+0.299*0+0.84588*$BH3+89876.77*(BP3)),1) -> 0.10977149 | BR3: 6.005876e-08 | BS3: =MIN(MAX(0,-0.03444+0.00000000383*$BB3+0.299*0+0.84588*$BH3+89876.77*(BR3)),1) -> 0.11507133 | BT3: 1.0609568e-06 | BU3: =MIN(MAX(0,-0.03444+0.00000000383*$BB3+0.299*0+0.84588*$BH3+89876.77*(BT3)),1) -> 0.2050288 | BV3: 2.5200016e-05 | BW3: =MIN(MAX(0,-0.03444+0.00000000383*$BB3+0.299*0+0.84588*$BH3+89876.77*(BV3)),1) -> 1
A4: 2 | B4: 70551 | C4: 273 | D4: 49764 | E4: 0 | F4: 273 | G4: 0 | H4: 0 | I4: 0 | J4: 0 | K4: 0 | L4: 0 | M4: 0 | N4: 0 | O4: 78 | P4: 0 | Q4: 0 | R4: 0 | S4: 0 | T4: 0 | U4: 0 | V4: 0 | W4: 0 | X4: 0 | Y4: 0 | Z4: 0 | AA4: 0 | AB4: 0 | AC4: 0 | AD4: 0 | AE4: 104 | AF4: 0 | AG4: 0 | AH4: 0 | AI4: 0 | AJ4: 0 | AK4: 0 | AL4: 0 | AM4: 0 | AN4: 0 | AO4: 0 | AP4: 0 | AQ4: 0 | AR4: 0 | AS4: 0 | AT4: 0 | AU4: =SUM(B4:AT4) -> 121043 | AW4: =A4 -> 2 | AX4: =VLOOKUP(AW4,'Babblefish-APUMA'!$K$1:$L$59,2) -> Humboldt County | AY4: =SUM(C4:AT4)-MAX(C4:AT4) -> 728 | AZ4: =MAX(C4:AT4) -> 49764 | BA4: =SUM(C4:AT4) -> 50492 | BB4: =AU4 -> 121043 | BC4: =AY4/BA4 -> 0.014418126 | BE4: 49764 | BF4: 6422 | BG4: 56186 | BH4: 0.11429894 | BJ4: =-0.0364+0.00000000386*BB4+0.844*BH4 -> 0.060535528 | BL4: =BJ4*BB4 -> 7327.4019 | BN4: 0 | BO4: =-0.03444+0.00000000383*$BB4+0.299*0+0.84588*$BH4+89876.77*(BN4) -> 0.062706778 | BP4: 4.9285435e-12 | BQ4: =MIN(MAX(0,-0.03444+0.00000000383*$BB4+0.299*0+0.84588*$BH4+89876.77*(BP4)),1) -> 0.062707221 | BR4: 5.235428e-11 | BS4: =MIN(MAX(0,-0.03444+0.00000000383*$BB4+0.299*0+0.84588*$BH4+89876.77*(BR4)),1) -> 0.062711484 | BT4: 1.2260171e-10 | BU4: =MIN(MAX(0,-0.03444+0.00000000383*$BB4+0.299*0+0.84588*$BH4+89876.77*(BT4)),1) -> 0.062717797 | BV4: 4.321507e-08 | BW4: =MIN(MAX(0,-0.03444+0.00000000383*$BB4+0.299*0+0.84588*$BH4+89876.77*(BV4)),1) -> 0.066590809
A5: 3 | B5: 93327 | C5: 650 | D5: 117 | E5: 55562 | F5: 52 | G5: 1235 | H5: 91 | I5: 0 | J5: 0 | K5: 0 | L5: 91 | M5: 0 | N5: 0 | O5: 0 | P5: 91 | Q5: 0 | R5: 0 | S5: 0 | T5: 0 | U5: 0 | V5: 0 | W5: 0 | X5: 0 | Y5: 0 | Z5: 0 | AA5: 299 | AB5: 221 | AC5: 0 | AD5: 117 | AE5: 0 | AF5: 0 | AG5: 0 | AH5: 0 | AI5: 169 | AJ5: 78 | AK5: 52 | AL5: 0 | AM5: 286 | AN5: 0 | AO5: 52 | AP5: 0 | AQ5: 0 | AR5: 0 | AS5: 0 | AT5: 0 | AU5: =SUM(B5:AT5) -> 152490 | AW5: =A5 -> 3 | AX5: =VLOOKUP(AW5,'Babblefish-APUMA'!$K$1:$L$59,2) -> Shasta County | AY5: =SUM(C5:AT5)-MAX(C5:AT5) -> 3601 | AZ5: =MAX(C5:AT5) -> 55562 | BA5: =SUM(C5:AT5) -> 59163 | BB5: =AU5 -> 152490 | BC5: =AY5/BA5 -> 0.060865744 | BE5: 55562 | BF5: 8437 | BG5: 63999 | BH5: 0.13183018 | BJ5: =-0.0364+0.00000000386*BB5+0.844*BH5 -> 0.075453287 | BL5: =BJ5*BB5 -> 11505.872 | BN5: 0 | BO5: =-0.03444+0.00000000383*$BB5+0.299*0+0.84588*$BH5+89876.77*(BN5) -> 0.077656553 | BP5: 8.1476546e-09 | BQ5: =MIN(MAX(0,-0.03444+0.00000000383*$BB5+0.299*0+0.84588*$BH5+89876.77*(BP5)),1) -> 0.078388838 | BR5: 1.0210006e-07 | BS5: =MIN(MAX(0,-0.03444+0.00000000383*$BB5+0.299*0+0.84588*$BH5+89876.77*(BR5)),1) -> 0.086832977 | BT5: 6.5003094e-07 | BU5: =MIN(MAX(0,-0.03444+0.00000000383*$BB5+0.299*0+0.84588*$BH5+89876.77*(BT5)),1) -> 0.13607924 | BV5: 1.3724348e-05 | BW5: =MIN(MAX(0,-0.03444+0.00000000383*$BB5+0.299*0+0.84588*$BH5+89876.77*(BV5)),1) -> 1
A6: 4 | B6: 79183 | C6: 0 | D6: 0 | E6: 0 | F6: 47697 | G6: 39 | H6: 0 | I6: 182 | J6: 117 | K6: 65 | L6: 0 | M6: 0 | N6: 0 | O6: 312 | P6: 429 | Q6: 117 | R6: 0 | S6: 0 | T6: 0 | U6: 0 | V6: 0 | W6: 0 | X6: 0 | Y6: 0 | Z6: 0 | AA6: 195 | AB6: 0 | AC6: 0 | AD6: 0 | AE6: 117 | AF6: 0 | AG6: 0 | AH6: 0 | AI6: 0 | AJ6: 0 | AK6: 91 | AL6: 0 | AM6: 182 | AN6: 0 | AO6: 1469 | AP6: 0 | AQ6: 0 | AR6: 0 | AS6: 0 | AT6: 78 | AU6: =SUM(B6:AT6) -> 130273 | AW6: =A6 -> 4 | AX6: =VLOOKUP(AW6,'Babblefish-APUMA'!$K$1:$L$59,2) -> Mendocino County | AY6: =SUM(C6:AT6)-MAX(C6:AT6) -> 3393 | AZ6: =MAX(C6:AT6) -> 47697 | BA6: =SUM(C6:AT6) -> 51090 | BB6: =AU6 -> 130273 | BC6: =AY6/BA6 -> 0.066412214 | BE6: 47697 | BF6: 6513 | BG6: 54210 | BH6: 0.12014388 | BJ6: =-0.0364+0.00000000386*BB6+0.844*BH6 -> 0.065504293 | BL6: =BJ6*BB6 -> 8533.4407 | BN6: 0 | BO6: =-0.03444+0.00000000383*$BB6+0.299*0+0.84588*$BH6+89876.77*(BN6) -> 0.067686255 | BP6: 3.7702092e-09 | BQ6: =MIN(MAX(0,-0.03444+0.00000000383*$BB6+0.299*0+0.84588*$BH6+89876.77*(BP6)),1) -> 0.068025109 | BR6: 1.2553372e-06 | BS6: =MIN(MAX(0,-0.03444+0.00000000383*$BB6+0.299*0+0.84588*$BH6+89876.77*(BR6)),1) -> 0.18051191 | BT6: 1.3095166e-05 | BU6: =MIN(MAX(0,-0.03444+0.00000000383*$BB6+0.299*0+0.84588*$BH6+89876.77*(BT6)),1) -> 1 | BV6: 1.7833834e-05 | BW6: =MIN(MAX(0,-0.03444+0.00000000383*$BB6+0.299*0+0.84588*$BH6+89876.77*(BV6)),1) -> 1
A7: 5 | B7: 66183 | C7: 0 | D7: 533 | E7: 2275 | F7: 65 | G7: 28613 | H7: 1105 | I7: 572 | J7: 0 | K7: 0 | L7: 0 | M7: 143 | N7: 0 | O7: 0 | P7: 169 | Q7: 0 | R7: 0 | S7: 0 | T7: 0 | U7: 0 | V7: 0 | W7: 0 | X7: 0 | Y7: 0 | Z7: 0 | AA7: 0 | AB7: 182 | AC7: 0 | AD7: 0 | AE7: 0 | AF7: 0 | AG7: 0 | AH7: 0 | AI7: 0 | AJ7: 78 | AK7: 0 | AL7: 0 | AM7: 143 | AN7: 286 | AO7: 0 | AP7: 0 | AQ7: 0 | AR7: 0 | AS7: 0 | AT7: 0 | AU7: =SUM(B7:AT7) -> 100347 | AW7: =A7 -> 5 | AX7: =VLOOKUP(AW7,'Babblefish-APUMA'!$K$1:$L$59,2) -> Trinity County | AY7: =SUM(C7:AT7)-MAX(C7:AT7) -> 5551 | AZ7: =MAX(C7:AT7) -> 28613 | BA7: =SUM(C7:AT7) -> 34164 | BB7: =AU7 -> 100347 | BC7: =AY7/BA7 -> 0.16248097 | BE7: 28613 | BF7: 10946 | BG7: 39559 | BH7: 0.27670062 | BJ7: =-0.0364+0.00000000386*BB7+0.844*BH7 -> 0.19752267 | BL7: =BJ7*BB7 -> 19820.807 | BN7: 0 | BO7: =-0.03444+0.00000000383*$BB7+0.299*0+0.84588*$BH7+89876.77*(BN7) -> 0.19999985 | BP7: 3.80909e-08 | BQ7: =MIN(MAX(0,-0.03444+0.00000000383*$BB7+0.299*0+0.84588*$BH7+89876.77*(BP7)),1) -> 0.20342334 | BR7: 9.4959723e-07 | BS7: =MIN(MAX(0,-0.03444+0.00000000383*$BB7+0.299*0+0.84588*$BH7+89876.77*(BR7)),1) -> 0.28534658 | BT7: 7.3625623e-06 | BU7: =MIN(MAX(0,-0.03444+0.00000000383*$BB7+0.299*0+0.84588*$BH7+89876.77*(BT7)),1) -> 0.86172317 | BV7: 0.00069696354 | BW7: =MIN(MAX(0,-0.03444+0.00000000383*$BB7+0.299*0+0.84588*$BH7+89876.77*(BV7)),1) -> 1
